cabrosia,https://cabrosia.com/37/?idx=64
cabrosia,https://cabrosia.com/37/?idx=73
cabrosia,https://cabrosia.com/37/?idx=65
cabrosia,https://cabrosia.com/37/?idx=68
cabrosia,https://cabrosia.com/37/?idx=63
cabrosia,https://cabrosia.com/37/?idx=240
cabrosia,https://cabrosia.com/37/?idx=70
cabrosia,https://cabrosia.com/37/?idx=504
cabrosia,https://cabrosia.com/37/?idx=332
cabrosia,https://cabrosia.com/39/?idx=355
cabrosia,https://cabrosia.com/39/?idx=436
cabrosia,https://cabrosia.com/39/?idx=93
cabrosia,https://cabrosia.com/39/?idx=496
cabrosia,https://cabrosia.com/39/?idx=497
cabrosia,https://cabrosia.com/39/?idx=495
cabrosia,https://cabrosia.com/39/?idx=421
cabrosia,https://cabrosia.com/39/?idx=81
cabrosia,https://cabrosia.com/39/?idx=80
cabrosia,https://cabrosia.com/39/?idx=335
cabrosia,https://cabrosia.com/39/?idx=83
cabrosia,https://cabrosia.com/39/?idx=367
cabrosia,https://cabrosia.com/39/?idx=557
cabrosia,https://cabrosia.com/39/?idx=556
cabrosia,https://cabrosia.com/39/?idx=490
cabrosia,https://cabrosia.com/39/?idx=230
cabrosia,https://cabrosia.com/39/?idx=406
cabrosia,https://cabrosia.com/39/?idx=231
cabrosia,https://cabrosia.com/40/?idx=88
cabrosia,https://cabrosia.com/40/?idx=529
cabrosia,https://cabrosia.com/40/?idx=314
cabrosia,https://cabrosia.com/40/?idx=524
cabrosia,https://cabrosia.com/40/?idx=525
cabrosia,https://cabrosia.com/40/?idx=464
cabrosia,https://cabrosia.com/40/?idx=530
cabrosia,https://cabrosia.com/40/?idx=84
cabrosia,https://cabrosia.com/40/?idx=508
cabrosia,https://cabrosia.com/40/?idx=205
cabrosia,https://cabrosia.com/40/?idx=206
cabrosia,https://cabrosia.com/40/?idx=520
cabrosia,https://cabrosia.com/40/?idx=85
cabrosia,https://cabrosia.com/40/?idx=104
cabrosia,https://cabrosia.com/40/?idx=540
cabrosia,https://cabrosia.com/40/?idx=543
cabrosia,https://cabrosia.com/40/?idx=545
