에티오피아 아리차 워시드 예가체프 G1 (2021 CROP),16400원,에티오피아,almacielo,https://www.almacielo.com/shop/detail.php?pno=42998CF32D552343BC8E460416382DCA&rURL=https%3A%2F%2Fwww.almacielo.com%2Fshop%2Fbig_section.php%3Fpage%3D2%26cno1%3D1070&ctype=1&cno1=1070
코스타리카 아코스타 내추럴 SHB,20400원,코스타리카,almacielo,https://www.almacielo.com/shop/detail.php?pno=E44FEA3BEC53BCEA3B7513CCEF5857AC&rURL=https%3A%2F%2Fwww.almacielo.com%2Fshop%2Fbig_section.php%3Fpage%3D2%26cno1%3D1070&ctype=1&cno1=1070
코스타리카 트레스 리오스 내추럴 SHB,21400원,코스타리카,almacielo,https://www.almacielo.com/shop/detail.php?pno=49AE49A23F67C759BF4FC791BA842AA2&rURL=https%3A%2F%2Fwww.almacielo.com%2Fshop%2Fbig_section.php%3Fpage%3D2%26cno1%3D1070&ctype=1&cno1=1070
코스타리카 소노라 내추럴 SHB,20900원,코스타리카,almacielo,https://www.almacielo.com/shop/detail.php?pno=9431C87F273E507E6040FCB07DCB4509&rURL=https%3A%2F%2Fwww.almacielo.com%2Fshop%2Fbig_section.php%3Fpage%3D2%26cno1%3D1070&ctype=1&cno1=1070
코스타리카 소노라 화이트 허니 SHB,17900원,코스타리카,almacielo,https://www.almacielo.com/shop/detail.php?pno=F5F8590CD58A54E94377E6AE2EDED4D9&rURL=https%3A%2F%2Fwww.almacielo.com%2Fshop%2Fbig_section.php%3Fpage%3D2%26cno1%3D1070&ctype=1&cno1=1070
코스타리카 라스 로라스 레드 허니 SHB,19400원,코스타리카,almacielo,https://www.almacielo.com/shop/detail.php?pno=D61E4BBD6393C9111E6526EA173A7C8B&rURL=https%3A%2F%2Fwww.almacielo.com%2Fshop%2Fbig_section.php%3Fpage%3D2%26cno1%3D1070&ctype=1&cno1=1070
코스타리카 산 이그나시오 레드 허니 SHB,18900원,코스타리카,almacielo,https://www.almacielo.com/shop/detail.php?pno=9B70E8FE62E40C570A322F1B0B659098&rURL=https%3A%2F%2Fwww.almacielo.com%2Fshop%2Fbig_section.php%3Fpage%3D2%26cno1%3D1070&ctype=1&cno1=1070
코스타리카 리오 그란데 워시드 SHB,17400원,코스타리카,almacielo,https://www.almacielo.com/shop/detail.php?pno=9A96876E2F8F3DC4F3CF45F02C61C0C1&rURL=https%3A%2F%2Fwww.almacielo.com%2Fshop%2Fbig_section.php%3Fpage%3D2%26cno1%3D1070&ctype=1&cno1=1070
코스타리카 메카 옐로우 허니 SHB,18400원,코스타리카,almacielo,https://www.almacielo.com/shop/detail.php?pno=13F3CF8C531952D72E5847C4183E6910&rURL=https%3A%2F%2Fwww.almacielo.com%2Fshop%2Fbig_section.php%3Fpage%3D2%26cno1%3D1070&ctype=1&cno1=1070
온두라스 아만도 내추럴 SHG,16400원,온두라스,almacielo,https://www.almacielo.com/shop/detail.php?pno=C203D8A151612ACF12457E4D67635A95&rURL=https%3A%2F%2Fwww.almacielo.com%2Fshop%2Fbig_section.php%3Fpage%3D2%26cno1%3D1070&ctype=1&cno1=1070
온두라스 카바예로 내추럴 SHG,16400원,온두라스,almacielo,https://www.almacielo.com/shop/detail.php?pno=15D4E891D784977CACBFCBB00C48F133&rURL=https%3A%2F%2Fwww.almacielo.com%2Fshop%2Fbig_section.php%3Fpage%3D2%26cno1%3D1070&ctype=1&cno1=1070
케냐 데단 AA TOP,23400원,케냐,almacielo,https://www.almacielo.com/shop/detail.php?pno=EED5AF6ADD95A9A6F1252739B1AD8C24&rURL=https%3A%2F%2Fwww.almacielo.com%2Fshop%2Fbig_section.php%3Fpage%3D2%26cno1%3D1070&ctype=1&cno1=1070
케냐 기뎀베 AA TOP,22900원,케냐,almacielo,https://www.almacielo.com/shop/detail.php?pno=1651CF0D2F737D7ADEAB84D339DBABD3&rURL=https%3A%2F%2Fwww.almacielo.com%2Fshop%2Fbig_section.php%3Fpage%3D2%26cno1%3D1070&ctype=1&cno1=1070
케냐 무랑가 AA TOP,22400원,케냐,almacielo,https://www.almacielo.com/shop/detail.php?pno=FCCB60FB512D13DF5083790D64C4D5DD&rURL=https%3A%2F%2Fwww.almacielo.com%2Fshop%2Fbig_section.php%3Fpage%3D2%26cno1%3D1070&ctype=1&cno1=1070
케냐 키마띠 PB TOP,20900원,케냐,almacielo,https://www.almacielo.com/shop/detail.php?pno=DDB30680A691D157187EE1CF9E896D03&rURL=https%3A%2F%2Fwww.almacielo.com%2Fshop%2Fbig_section.php%3Fpage%3D2%26cno1%3D1070&ctype=1&cno1=1070
케냐 마차코스 ABC PLUS,13900원,케냐,almacielo,https://www.almacielo.com/shop/detail.php?pno=248E844336797EC98478F85E7626DE4A&rURL=https%3A%2F%2Fwww.almacielo.com%2Fshop%2Fbig_section.php%3Fpage%3D2%26cno1%3D1070&ctype=1&cno1=1070
에티오피아 모모라 내추럴 구지 G1,18400원,에티오피아,almacielo,https://www.almacielo.com/shop/detail.php?pno=6ECBDD6EC859D284DC13885A37CE8D81&rURL=https%3A%2F%2Fwww.almacielo.com%2Fshop%2Fbig_section.php%3Fpage%3D3%26cno1%3D1070&ctype=1&cno1=1070
에티오피아 모모라 워시드 구지 G1 (2021 CROP),16400원,에티오피아,almacielo,https://www.almacielo.com/shop/detail.php?pno=25B2822C2F5A3230ABFADD476E8B04C9&rURL=https%3A%2F%2Fwww.almacielo.com%2Fshop%2Fbig_section.php%3Fpage%3D3%26cno1%3D1070&ctype=1&cno1=1070
과테말라 알리시아 내추럴 SHB,15400원,과테말라,almacielo,https://www.almacielo.com/shop/detail.php?pno=E0C641195B27425BB056AC56F8953D24&rURL=https%3A%2F%2Fwww.almacielo.com%2Fshop%2Fbig_section.php%3Fpage%3D3%26cno1%3D1070&ctype=1&cno1=1070
에티오피아 리무 G2,10400원,에티오피아,almacielo,https://www.almacielo.com/shop/detail.php?pno=A96B65A721E561E1E3DE768AC819FFBB&rURL=https%3A%2F%2Fwww.almacielo.com%2Fshop%2Fbig_section.php%3Fpage%3D3%26cno1%3D1070&ctype=1&cno1=1070
에티오피아 시다모 G4,8200원,에티오피아,almacielo,https://www.almacielo.com/shop/detail.php?pno=0D0FD7C6E093F7B804FA0150B875B868&rURL=https%3A%2F%2Fwww.almacielo.com%2Fshop%2Fbig_section.php%3Fpage%3D3%26cno1%3D1070&ctype=1&cno1=1070
과테말라 안티구아 SHB 필라델피아,10900원,과테말라,almacielo,https://www.almacielo.com/shop/detail.php?pno=F4F6DCE2F3A0F9DADA0C2B5B66452017&rURL=https%3A%2F%2Fwww.almacielo.com%2Fshop%2Fbig_section.php%3Fpage%3D3%26cno1%3D1070&ctype=1&cno1=1070
과테말라 산 루카스 워시드 SHB,9600원,과테말라,almacielo,https://www.almacielo.com/shop/detail.php?pno=0BB4AEC1710521C12EE76289D9440817&rURL=https%3A%2F%2Fwww.almacielo.com%2Fshop%2Fbig_section.php%3Fpage%3D3%26cno1%3D1070&ctype=1&cno1=1070
케냐 와훈두라 AA TOP,24400원,케냐,almacielo,https://www.almacielo.com/shop/detail.php?pno=13F9896DF61279C928F19721878FAC41&rURL=https%3A%2F%2Fwww.almacielo.com%2Fshop%2Fbig_section.php%3Fpage%3D3%26cno1%3D1070&ctype=1&cno1=1070
르완다 마쿠바 풀리 워시드 AA,13900원,르완다,almacielo,https://www.almacielo.com/shop/detail.php?pno=3DD48AB31D016FFCBF3314DF2B3CB9CE&rURL=https%3A%2F%2Fwww.almacielo.com%2Fshop%2Fbig_section.php%3Fpage%3D3%26cno1%3D1070&ctype=1&cno1=1070
케냐 아이히더 AA PLUS,15900원,케냐,almacielo,https://www.almacielo.com/shop/detail.php?pno=158F3069A435B314A80BDCB024F8E422&rURL=https%3A%2F%2Fwww.almacielo.com%2Fshop%2Fbig_section.php%3Fpage%3D3%26cno1%3D1070&ctype=1&cno1=1070
과테말라 엘 인헤르또 게이샤 워시드,129000원,과테말라,almacielo,https://www.almacielo.com/shop/detail.php?pno=9C838D2E45B2AD1094D42F4EF36764F6&rURL=https%3A%2F%2Fwww.almacielo.com%2Fshop%2Fbig_section.php%3Fpage%3D3%26cno1%3D1070&ctype=1&cno1=1070
에티오피아 아라모 내추럴 예가체프 G1,13900원,에티오피아,almacielo,https://www.almacielo.com/shop/detail.php?pno=EC8CE6ABB3E952A85B8551BA726A1227&rURL=https%3A%2F%2Fwww.almacielo.com%2Fshop%2Fbig_section.php%3Fpage%3D3%26cno1%3D1070&ctype=1&cno1=1070
에티오피아 와추 내추럴 구지 G1,12900원,에티오피아,almacielo,https://www.almacielo.com/shop/detail.php?pno=C0E190D8267E36708F955D7AB048990D&rURL=https%3A%2F%2Fwww.almacielo.com%2Fshop%2Fbig_section.php%3Fpage%3D3%26cno1%3D1070&ctype=1&cno1=1070
에티오피아 와추 워시드 구지 G1,11400원,에티오피아,almacielo,https://www.almacielo.com/shop/detail.php?pno=63DC7ED1010D3C3B8269FAF0BA7491D4&rURL=https%3A%2F%2Fwww.almacielo.com%2Fshop%2Fbig_section.php%3Fpage%3D3%26cno1%3D1070&ctype=1&cno1=1070
에티오피아 아다메 워시드 예가체프 G1,9900원,에티오피아,almacielo,https://www.almacielo.com/shop/detail.php?pno=CA46C1B9512A7A8315FA3C5A946E8265&rURL=https%3A%2F%2Fwww.almacielo.com%2Fshop%2Fbig_section.php%3Fpage%3D3%26cno1%3D1070&ctype=1&cno1=1070
탄자니아 키자니 워시드 PB TOP,11400원,탄자니아,almacielo,https://www.almacielo.com/shop/detail.php?pno=7EABE3A1649FFA2B3FF8C02EBFD5659F&rURL=https%3A%2F%2Fwww.almacielo.com%2Fshop%2Fbig_section.php%3Fpage%3D3%26cno1%3D1070&ctype=1&cno1=1070
니카라과 엘 쿠아 내추럴 SHG,19400원,니카라과,almacielo,https://www.almacielo.com/shop/detail.php?pno=0E65972DCE68DAD4D52D063967F0A705&rURL=https%3A%2F%2Fwww.almacielo.com%2Fshop%2Fbig_section.php%3Fpage%3D4%26cno1%3D1070&ctype=1&cno1=1070
니카라과 산 라파엘 워시드 SHG,13900원,니카라과,almacielo,https://www.almacielo.com/shop/detail.php?pno=A597E50502F5FF68E3E25B9114205D4A&rURL=https%3A%2F%2Fwww.almacielo.com%2Fshop%2Fbig_section.php%3Fpage%3D4%26cno1%3D1070&ctype=1&cno1=1070
니카라과 산 호세 워시드 SHG,9900원,니카라과,almacielo,https://www.almacielo.com/shop/detail.php?pno=58A2FC6ED39FD083F55D4182BF88826D&rURL=https%3A%2F%2Fwww.almacielo.com%2Fshop%2Fbig_section.php%3Fpage%3D4%26cno1%3D1070&ctype=1&cno1=1070
니카라과 오스카 워시드 SHG,8900원,니카라과,almacielo,https://www.almacielo.com/shop/detail.php?pno=0AA1883C6411F7873CB83DACB17B0AFC&rURL=https%3A%2F%2Fwww.almacielo.com%2Fshop%2Fbig_section.php%3Fpage%3D4%26cno1%3D1070&ctype=1&cno1=1070
코스타리카 따라주 SHB,10900원,코스타리카,almacielo,https://www.almacielo.com/shop/detail.php?pno=96DA2F590CD7246BBDE0051047B0D6F7&rURL=https%3A%2F%2Fwww.almacielo.com%2Fshop%2Fbig_section.php%3Fpage%3D4%26cno1%3D1070&ctype=1&cno1=1070
코스타리카 SHB EP,10500원,코스타리카,almacielo,https://www.almacielo.com/shop/detail.php?pno=38AF86134B65D0F10FE33D30DD76442E&rURL=https%3A%2F%2Fwww.almacielo.com%2Fshop%2Fbig_section.php%3Fpage%3D4%26cno1%3D1070&ctype=1&cno1=1070
온두라스 산 에스테반 내추럴 SHG,12400원,온두라스,almacielo,https://www.almacielo.com/shop/detail.php?pno=BF8229696F7A3BB4700CFDDEF19FA23F&rURL=https%3A%2F%2Fwww.almacielo.com%2Fshop%2Fbig_section.php%3Fpage%3D4%26cno1%3D1070&ctype=1&cno1=1070
온두라스 산 어거스틴 워시드 SHG,9900원,온두라스,almacielo,https://www.almacielo.com/shop/detail.php?pno=006F52E9102A8D3BE2FE5614F42BA989&rURL=https%3A%2F%2Fwww.almacielo.com%2Fshop%2Fbig_section.php%3Fpage%3D4%26cno1%3D1070&ctype=1&cno1=1070
온두라스 엘도라도 워시드 SHG,9400원,온두라스,almacielo,https://www.almacielo.com/shop/detail.php?pno=5878A7AB84FB43402106C575658472FA&rURL=https%3A%2F%2Fwww.almacielo.com%2Fshop%2Fbig_section.php%3Fpage%3D4%26cno1%3D1070&ctype=1&cno1=1070
엘 살바도르 산 파블로 허니 SHG,12900원,엘살바도르,almacielo,https://www.almacielo.com/shop/detail.php?pno=0777D5C17D4066B82AB86DFF8A46AF6F&rURL=https%3A%2F%2Fwww.almacielo.com%2Fshop%2Fbig_section.php%3Fpage%3D4%26cno1%3D1070&ctype=1&cno1=1070
엘 살바도르 SHG EP,9400원,엘살바도르,almacielo,https://www.almacielo.com/shop/detail.php?pno=06409663226AF2F3114485AA4E0A23B4&rURL=https%3A%2F%2Fwww.almacielo.com%2Fshop%2Fbig_section.php%3Fpage%3D4%26cno1%3D1070&ctype=1&cno1=1070
과테말라 안티구아 디카페인 SHB,16900원,과테말라,almacielo,https://www.almacielo.com/shop/detail.php?pno=A8F15EDA80C50ADB0E71943ADC8015CF&rURL=https%3A%2F%2Fwww.almacielo.com%2Fshop%2Fbig_section.php%3Fpage%3D4%26cno1%3D1070&ctype=1&cno1=1070
과테말라 산타 모니카 SHB,13900원,과테말라,almacielo,https://www.almacielo.com/shop/detail.php?pno=F2217062E9A397A1DCA429E7D70BC6CA&rURL=https%3A%2F%2Fwww.almacielo.com%2Fshop%2Fbig_section.php%3Fpage%3D4%26cno1%3D1070&ctype=1&cno1=1070
과테말라 카날레스 워시드 SHB,13900원,과테말라,almacielo,https://www.almacielo.com/shop/detail.php?pno=47D1E990583C9C67424D369F3414728E&rURL=https%3A%2F%2Fwww.almacielo.com%2Fshop%2Fbig_section.php%3Fpage%3D4%26cno1%3D1070&ctype=1&cno1=1070
과테말라 산 페드로 SHB,12900원,과테말라,almacielo,https://www.almacielo.com/shop/detail.php?pno=8D5E957F297893487BD98FA830FA6413&rURL=https%3A%2F%2Fwww.almacielo.com%2Fshop%2Fbig_section.php%3Fpage%3D4%26cno1%3D1070&ctype=1&cno1=1070
과테말라 안티구아 SHB 마르가리타,10700원,과테말라,almacielo,https://www.almacielo.com/shop/detail.php?pno=A8BAA56554F96369AB93E4F3BB068C22&rURL=https%3A%2F%2Fwww.almacielo.com%2Fshop%2Fbig_section.php%3Fpage%3D4%26cno1%3D1070&ctype=1&cno1=1070
과테말라 안티구아 SHB,10500원,과테말라,almacielo,https://www.almacielo.com/shop/detail.php?pno=0F28B5D49B3020AFEECD95B4009ADF4C&rURL=https%3A%2F%2Fwww.almacielo.com%2Fshop%2Fbig_section.php%3Fpage%3D5%26cno1%3D1070&ctype=1&cno1=1070
과테말라 우에우에테낭고 SHB 산 미구엘,11400원,과테말라,almacielo,https://www.almacielo.com/shop/detail.php?pno=E00DA03B685A0DD18FB6A08AF0923DE0&rURL=https%3A%2F%2Fwww.almacielo.com%2Fshop%2Fbig_section.php%3Fpage%3D5%26cno1%3D1070&ctype=1&cno1=1070
콜롬비아 안티오키아 디카페인 수프리모,16700원,콜롬비아,almacielo,https://www.almacielo.com/shop/detail.php?pno=42A0E188F5033BC65BF8D78622277C4E&rURL=https%3A%2F%2Fwww.almacielo.com%2Fshop%2Fbig_section.php%3Fpage%3D5%26cno1%3D1070&ctype=1&cno1=1070
콜롬비아 나리노 수프리모,11400원,콜롬비아,almacielo,https://www.almacielo.com/shop/detail.php?pno=069059B7EF840F0C74A814EC9237B6EC&rURL=https%3A%2F%2Fwww.almacielo.com%2Fshop%2Fbig_section.php%3Fpage%3D5%26cno1%3D1070&ctype=1&cno1=1070
콜롬비아 톨리마 수프리모,11400원,콜롬비아,almacielo,https://www.almacielo.com/shop/detail.php?pno=3DEF184AD8F4755FF269862EA77393DD&rURL=https%3A%2F%2Fwww.almacielo.com%2Fshop%2Fbig_section.php%3Fpage%3D5%26cno1%3D1070&ctype=1&cno1=1070
콜롬비아 카우카 수프리모,11400원,콜롬비아,almacielo,https://www.almacielo.com/shop/detail.php?pno=C8FFE9A587B126F152ED3D89A146B445&rURL=https%3A%2F%2Fwww.almacielo.com%2Fshop%2Fbig_section.php%3Fpage%3D5%26cno1%3D1070&ctype=1&cno1=1070
콜롬비아 메데인 수프리모,10900원,콜롬비아,almacielo,https://www.almacielo.com/shop/detail.php?pno=202CB962AC59075B964B07152D234B70&rURL=https%3A%2F%2Fwww.almacielo.com%2Fshop%2Fbig_section.php%3Fpage%3D5%26cno1%3D1070&ctype=1&cno1=1070
콜롬비아 후일라 수프리모,10900원,콜롬비아,almacielo,https://www.almacielo.com/shop/detail.php?pno=A0A080F42E6F13B3A2DF133F073095DD&rURL=https%3A%2F%2Fwww.almacielo.com%2Fshop%2Fbig_section.php%3Fpage%3D5%26cno1%3D1070&ctype=1&cno1=1070
부룬디 리미로 내추럴 AA,15900원,부룬디,almacielo,https://www.almacielo.com/shop/detail.php?pno=DA4FB5C6E93E74D3DF8527599FA62642&rURL=https%3A%2F%2Fwww.almacielo.com%2Fshop%2Fbig_section.php%3Fpage%3D5%26cno1%3D1070&ctype=1&cno1=1070
부룬디 무부가 내추럴 AA,15400원,부룬디,almacielo,https://www.almacielo.com/shop/detail.php?pno=07E1CD7DCA89A1678042477183B7AC3F&rURL=https%3A%2F%2Fwww.almacielo.com%2Fshop%2Fbig_section.php%3Fpage%3D5%26cno1%3D1070&ctype=1&cno1=1070
부룬디 부테가나 풀리 워시드 AA,13400원,부룬디,almacielo,https://www.almacielo.com/shop/detail.php?pno=5EF059938BA799AAA845E1C2E8A762BD&rURL=https%3A%2F%2Fwww.almacielo.com%2Fshop%2Fbig_section.php%3Fpage%3D5%26cno1%3D1070&ctype=1&cno1=1070
부룬디 카얀자 AA,8000원,부룬디,almacielo,https://www.almacielo.com/shop/detail.php?pno=2B44928AE11FB9384C4CF38708677C48&rURL=https%3A%2F%2Fwww.almacielo.com%2Fshop%2Fbig_section.php%3Fpage%3D5%26cno1%3D1070&ctype=1&cno1=1070
에티오피아 예가체프 G2 두멀소 (2020 CROP),10900원,에티오피아,almacielo,https://www.almacielo.com/shop/detail.php?pno=5FD0B37CD7DBBB00F97BA6CE92BF5ADD&rURL=https%3A%2F%2Fwww.almacielo.com%2Fshop%2Fbig_section.php%3Fpage%3D5%26cno1%3D1070&ctype=1&cno1=1070
에티오피아 카욘 마운틴 허니 구지 G1,19900원,에티오피아,almacielo,https://www.almacielo.com/shop/detail.php?pno=A97DA629B098B75C294DFFDC3E463904&rURL=https%3A%2F%2Fwww.almacielo.com%2Fshop%2Fbig_section.php%3Fpage%3D5%26cno1%3D1070&ctype=1&cno1=1070
에티오피아 카욘 마운틴 내추럴 구지 G1,20900원,에티오피아,almacielo,https://www.almacielo.com/shop/detail.php?pno=F0935E4CD5920AA6C7C996A5EE53A70F&rURL=https%3A%2F%2Fwww.almacielo.com%2Fshop%2Fbig_section.php%3Fpage%3D5%26cno1%3D1070&ctype=1&cno1=1070
에티오피아 카욘 마운틴 워시드 구지 G1,17900원,에티오피아,almacielo,https://www.almacielo.com/shop/detail.php?pno=65B9EEA6E1CC6BB9F0CD2A47751A186F&rURL=https%3A%2F%2Fwww.almacielo.com%2Fshop%2Fbig_section.php%3Fpage%3D5%26cno1%3D1070&ctype=1&cno1=1070
에티오피아 바라사 내추럴 모카 하라 G4,14900원,에티오피아,almacielo,https://www.almacielo.com/shop/detail.php?pno=6974CE5AC660610B44D9B9FED0FF9548&rURL=https%3A%2F%2Fwww.almacielo.com%2Fshop%2Fbig_section.php%3Fpage%3D6%26cno1%3D1070&ctype=1&cno1=1070
에티오피아 코케 허니 예가체프 G1,16900원,에티오피아,almacielo,https://www.almacielo.com/shop/detail.php?pno=F899139DF5E1059396431415E770C6DD&rURL=https%3A%2F%2Fwww.almacielo.com%2Fshop%2Fbig_section.php%3Fpage%3D6%26cno1%3D1070&ctype=1&cno1=1070
에티오피아 봉가 내추럴 케파 G1,16400원,에티오피아,almacielo,https://www.almacielo.com/shop/detail.php?pno=AC627AB1CCBDB62EC96E702F07F6425B&rURL=https%3A%2F%2Fwww.almacielo.com%2Fshop%2Fbig_section.php%3Fpage%3D6%26cno1%3D1070&ctype=1&cno1=1070
에티오피아 첼바 내추럴 예가체프 G1,18900원,에티오피아,almacielo,https://www.almacielo.com/shop/detail.php?pno=ED3D2C21991E3BEF5E069713AF9FA6CA&rURL=https%3A%2F%2Fwww.almacielo.com%2Fshop%2Fbig_section.php%3Fpage%3D6%26cno1%3D1070&ctype=1&cno1=1070
에티오피아 첼바 워시드 예가체프 G1,17400원,에티오피아,almacielo,https://www.almacielo.com/shop/detail.php?pno=E2EF524FBF3D9FE611D5A8E90FEFDC9C&rURL=https%3A%2F%2Fwww.almacielo.com%2Fshop%2Fbig_section.php%3Fpage%3D6%26cno1%3D1070&ctype=1&cno1=1070
에티오피아 콩가 내추럴 예가체프 G1,18400원,에티오피아,almacielo,https://www.almacielo.com/shop/detail.php?pno=26657D5FF9020D2ABEFE558796B99584&rURL=https%3A%2F%2Fwww.almacielo.com%2Fshop%2Fbig_section.php%3Fpage%3D6%26cno1%3D1070&ctype=1&cno1=1070
에티오피아 콩가 워시드 예가체프 G1,16900원,에티오피아,almacielo,https://www.almacielo.com/shop/detail.php?pno=812B4BA287F5EE0BC9D43BBF5BBE87FB&rURL=https%3A%2F%2Fwww.almacielo.com%2Fshop%2Fbig_section.php%3Fpage%3D6%26cno1%3D1070&ctype=1&cno1=1070
에티오피아 아리차 워시드 예가체프 G1 (2020 CROP),12900원,에티오피아,almacielo,https://www.almacielo.com/shop/detail.php?pno=98DCE83DA57B0395E163467C9DAE521B&rURL=https%3A%2F%2Fwww.almacielo.com%2Fshop%2Fbig_section.php%3Fpage%3D6%26cno1%3D1070&ctype=1&cno1=1070
에티오피아 코체레 내추럴 예가체프 G1,16000원,에티오피아,almacielo,https://www.almacielo.com/shop/detail.php?pno=54229ABFCFA5649E7003B83DD4755294&rURL=https%3A%2F%2Fwww.almacielo.com%2Fshop%2Fbig_section.php%3Fpage%3D6%26cno1%3D1070&ctype=1&cno1=1070
에티오피아 코체레 워시드 예가체프 G1,13400원,에티오피아,almacielo,https://www.almacielo.com/shop/detail.php?pno=8613985EC49EB8F757AE6439E879BB2A&rURL=https%3A%2F%2Fwww.almacielo.com%2Fshop%2Fbig_section.php%3Fpage%3D6%26cno1%3D1070&ctype=1&cno1=1070
에티오피아 모모라 워시드 구지 G1 (2020 CROP),15700원,에티오피아,almacielo,https://www.almacielo.com/shop/detail.php?pno=2A38A4A9316C49E5A833517C45D31070&rURL=https%3A%2F%2Fwww.almacielo.com%2Fshop%2Fbig_section.php%3Fpage%3D6%26cno1%3D1070&ctype=1&cno1=1070
에티오피아 예가체프 G2 띠에라,11400원,에티오피아,almacielo,https://www.almacielo.com/shop/detail.php?pno=35F4A8D465E6E1EDC05F3D8AB658C551&rURL=https%3A%2F%2Fwww.almacielo.com%2Fshop%2Fbig_section.php%3Fpage%3D6%26cno1%3D1070&ctype=1&cno1=1070
르완다 카베자 내추럴 AA,13900원,르완다,almacielo,https://www.almacielo.com/shop/detail.php?pno=03AFDBD66E7929B125F8597834FA83A4&rURL=https%3A%2F%2Fwww.almacielo.com%2Fshop%2Fbig_section.php%3Fpage%3D6%26cno1%3D1070&ctype=1&cno1=1070
르완다 인조부 슈프림,10000원,르완다,almacielo,https://www.almacielo.com/shop/detail.php?pno=072B030BA126B2F4B2374F342BE9ED44&rURL=https%3A%2F%2Fwww.almacielo.com%2Fshop%2Fbig_section.php%3Fpage%3D6%26cno1%3D1070&ctype=1&cno1=1070
파푸아뉴기니 카구아 A 워시드,14900원,파푸아뉴기니,almacielo,https://www.almacielo.com/shop/detail.php?pno=093F65E080A295F8076B1C5722A46AA2&rURL=https%3A%2F%2Fwww.almacielo.com%2Fshop%2Fbig_section.php%3Fpage%3D6%26cno1%3D1070&ctype=1&cno1=1070
파푸아뉴기니 모리타 A 워시드,14900원,파푸아뉴기니,almacielo,https://www.almacielo.com/shop/detail.php?pno=66F041E16A60928B05A7E228A89C3799&rURL=https%3A%2F%2Fwww.almacielo.com%2Fshop%2Fbig_section.php%3Fpage%3D6%26cno1%3D1070&ctype=1&cno1=1070
인도네시아 골든 롱베리 내추럴 G1,29400원,인도네시아,almacielo,https://www.almacielo.com/shop/detail.php?pno=9F61408E3AFB633E50CDF1B20DE6F466&rURL=https%3A%2F%2Fwww.almacielo.com%2Fshop%2Fbig_section.php%3Fpage%3D7%26cno1%3D1070&ctype=1&cno1=1070
인도네시아 만델링G1 TP,12400원,인도네시아,almacielo,https://www.almacielo.com/shop/detail.php?pno=9A1158154DFA42CADDBD0694A4E9BDC8&rURL=https%3A%2F%2Fwww.almacielo.com%2Fshop%2Fbig_section.php%3Fpage%3D7%26cno1%3D1070&ctype=1&cno1=1070
인도네시아 아체가요 G1,13400원,인도네시아,almacielo,https://www.almacielo.com/shop/detail.php?pno=2838023A778DFAECDC212708F721B788&rURL=https%3A%2F%2Fwww.almacielo.com%2Fshop%2Fbig_section.php%3Fpage%3D7%26cno1%3D1070&ctype=1&cno1=1070
인도 카피로얄 로부스타 AA,6900원,인도,almacielo,https://www.almacielo.com/shop/detail.php?pno=C0C7C76D30BD3DCAEFC96F40275BDC0A&rURL=https%3A%2F%2Fwww.almacielo.com%2Fshop%2Fbig_section.php%3Fpage%3D7%26cno1%3D1070&ctype=1&cno1=1070
베트남 로부스타 G1,5900원,베트남,almacielo,https://www.almacielo.com/shop/detail.php?pno=F457C545A9DED88F18ECEE47145A72C0&rURL=https%3A%2F%2Fwww.almacielo.com%2Fshop%2Fbig_section.php%3Fpage%3D7%26cno1%3D1070&ctype=1&cno1=1070
탄자니아 프와니 AAA SOUTH,10200원,탄자니아,almacielo,https://www.almacielo.com/shop/detail.php?pno=1C383CD30B7C298AB50293ADFECB7B18&rURL=https%3A%2F%2Fwww.almacielo.com%2Fshop%2Fbig_section.php%3Fpage%3D7%26cno1%3D1070&ctype=1&cno1=1070
탄자니아 모시 AA North,9700원,탄자니아,almacielo,https://www.almacielo.com/shop/detail.php?pno=E369853DF766FA44E1ED0FF613F563BD&rURL=https%3A%2F%2Fwww.almacielo.com%2Fshop%2Fbig_section.php%3Fpage%3D7%26cno1%3D1070&ctype=1&cno1=1070
케냐 니에리 AA,14700원,케냐,almacielo,https://www.almacielo.com/shop/detail.php?pno=1F0E3DAD99908345F7439F8FFABDFFC4&rURL=https%3A%2F%2Fwww.almacielo.com%2Fshop%2Fbig_section.php%3Fpage%3D7%26cno1%3D1070&ctype=1&cno1=1070
케냐 키암부 AA,14900원,케냐,almacielo,https://www.almacielo.com/shop/detail.php?pno=E4DA3B7FBBCE2345D7772B0674A318D5&rURL=https%3A%2F%2Fwww.almacielo.com%2Fshop%2Fbig_section.php%3Fpage%3D7%26cno1%3D1070&ctype=1&cno1=1070
브라질 세라도 디카페인 NY2 FC,14400원,브라질,almacielo,https://www.almacielo.com/shop/detail.php?pno=735B90B4568125ED6C3F678819B6E058&rURL=https%3A%2F%2Fwww.almacielo.com%2Fshop%2Fbig_section.php%3Fpage%3D7%26cno1%3D1070&ctype=1&cno1=1070
브라질 와그너 옐로우 버번 내추럴 NY2 FC,10900원,브라질,almacielo,https://www.almacielo.com/shop/detail.php?pno=8F85517967795EEEF66C225F7883BDCB&rURL=https%3A%2F%2Fwww.almacielo.com%2Fshop%2Fbig_section.php%3Fpage%3D7%26cno1%3D1070&ctype=1&cno1=1070
브라질 까마로사 레드 버번 내추럴 NY2 FC,10800원,브라질,almacielo,https://www.almacielo.com/shop/detail.php?pno=82161242827B703E6ACF9C726942A1E4&rURL=https%3A%2F%2Fwww.almacielo.com%2Fshop%2Fbig_section.php%3Fpage%3D7%26cno1%3D1070&ctype=1&cno1=1070
브라질 씨에라 옐로우 버번 내추럴 NY2 FC,10500원,브라질,almacielo,https://www.almacielo.com/shop/detail.php?pno=A4A042CF4FD6BFB47701CBC8A1653ADA&rURL=https%3A%2F%2Fwww.almacielo.com%2Fshop%2Fbig_section.php%3Fpage%3D7%26cno1%3D1070&ctype=1&cno1=1070
브라질 로메로 펄프드 내추럴 NY2 FC,8900원,브라질,almacielo,https://www.almacielo.com/shop/detail.php?pno=FC490CA45C00B1249BBE3554A4FDF6FB&rURL=https%3A%2F%2Fwww.almacielo.com%2Fshop%2Fbig_section.php%3Fpage%3D7%26cno1%3D1070&ctype=1&cno1=1070
브라질 술데미나스 펄프드 내추럴 NY2 FC,8800원,브라질,almacielo,https://www.almacielo.com/shop/detail.php?pno=013D407166EC4FA56EB1E1F8CBE183B9&rURL=https%3A%2F%2Fwww.almacielo.com%2Fshop%2Fbig_section.php%3Fpage%3D7%26cno1%3D1070&ctype=1&cno1=1070
브라질 모지아나 내추럴 NY2 FC,8600원,브라질,almacielo,https://www.almacielo.com/shop/detail.php?pno=4C56FF4CE4AAF9573AA5DFF913DF997A&rURL=https%3A%2F%2Fwww.almacielo.com%2Fshop%2Fbig_section.php%3Fpage%3D7%26cno1%3D1070&ctype=1&cno1=1070
브라질 세라도 NY2 FC,8500원,브라질,almacielo,https://www.almacielo.com/shop/detail.php?pno=38B3EFF8BAF56627478EC76A704E9B52&rURL=https%3A%2F%2Fwww.almacielo.com%2Fshop%2Fbig_section.php%3Fpage%3D8%26cno1%3D1070&ctype=1&cno1=1070
브라질 산토스 NY2 FC,8400원,브라질,almacielo,https://www.almacielo.com/shop/detail.php?pno=3EF815416F775098FE977004015C6193&rURL=https%3A%2F%2Fwww.almacielo.com%2Fshop%2Fbig_section.php%3Fpage%3D8%26cno1%3D1070&ctype=1&cno1=1070
브라질 미나스 제라스 내추럴 NY2 FC,8300원,브라질,almacielo,https://www.almacielo.com/shop/detail.php?pno=8F14E45FCEEA167A5A36DEDD4BEA2543&rURL=https%3A%2F%2Fwww.almacielo.com%2Fshop%2Fbig_section.php%3Fpage%3D8%26cno1%3D1070&ctype=1&cno1=1070
과테말라 산타 모니카 SHB(새벽배송),14200원,과테말라,almacielo,https://www.almacielo.com/shop/detail.php?pno=11B921EF080F7736089C757404650E40&rURL=https%3A%2F%2Fwww.almacielo.com%2Fshop%2Fbig_section.php%3Fpage%3D8%26cno1%3D1070&ctype=1&cno1=1070
과테말라 산 페드로 SHB(새벽배송),13200원,과테말라,almacielo,https://www.almacielo.com/shop/detail.php?pno=5E388103A391DAABE3DE1D76A6739CCD&rURL=https%3A%2F%2Fwww.almacielo.com%2Fshop%2Fbig_section.php%3Fpage%3D8%26cno1%3D1070&ctype=1&cno1=1070
과테말라 우에우에테낭고 SHB 산 미구엘(새벽배송),11700원,과테말라,almacielo,https://www.almacielo.com/shop/detail.php?pno=F387624DF552CEA2F369918C5E1E12BC&rURL=https%3A%2F%2Fwww.almacielo.com%2Fshop%2Fbig_section.php%3Fpage%3D8%26cno1%3D1070&ctype=1&cno1=1070
과테말라 안티구아 SHB 필라델피아 (새벽배송),11200원,과테말라,almacielo,https://www.almacielo.com/shop/detail.php?pno=94C7BB58EFC3B337800875B5D382A072&rURL=https%3A%2F%2Fwww.almacielo.com%2Fshop%2Fbig_section.php%3Fpage%3D8%26cno1%3D1070&ctype=1&cno1=1070
과테말라 안티구아 SHB 마르가리타(새벽배송),11000원,과테말라,almacielo,https://www.almacielo.com/shop/detail.php?pno=7F24D240521D99071C93AF3917215EF7&rURL=https%3A%2F%2Fwww.almacielo.com%2Fshop%2Fbig_section.php%3Fpage%3D8%26cno1%3D1070&ctype=1&cno1=1070
과테말라 안티구아 SHB(새벽배송),10800원,과테말라,almacielo,https://www.almacielo.com/shop/detail.php?pno=01F78BE6F7CAD02658508FE4616098A9&rURL=https%3A%2F%2Fwww.almacielo.com%2Fshop%2Fbig_section.php%3Fpage%3D8%26cno1%3D1070&ctype=1&cno1=1070
과테말라 뉴 오리엔테 SHB EP (새벽배송),10300원,과테말라,almacielo,https://www.almacielo.com/shop/detail.php?pno=CCB1D45FB76F7C5A0BF619F979C6CF36&rURL=https%3A%2F%2Fwww.almacielo.com%2Fshop%2Fbig_section.php%3Fpage%3D8%26cno1%3D1070&ctype=1&cno1=1070
콜롬비아 나리노 수프리모(새벽배송),11700원,콜롬비아,almacielo,https://www.almacielo.com/shop/detail.php?pno=8D34201A5B85900908DB6CAE92723617&rURL=https%3A%2F%2Fwww.almacielo.com%2Fshop%2Fbig_section.php%3Fpage%3D8%26cno1%3D1070&ctype=1&cno1=1070
콜롬비아 톨리마 수프리모(새벽배송),11700원,콜롬비아,almacielo,https://www.almacielo.com/shop/detail.php?pno=C75B6F114C23A4D7EA11331E7C00E73C&rURL=https%3A%2F%2Fwww.almacielo.com%2Fshop%2Fbig_section.php%3Fpage%3D8%26cno1%3D1070&ctype=1&cno1=1070
콜롬비아 메데인 수프리모(새벽배송),10400원,콜롬비아,almacielo,https://www.almacielo.com/shop/detail.php?pno=647BBA344396E7C8170902BCF2E15551&rURL=https%3A%2F%2Fwww.almacielo.com%2Fshop%2Fbig_section.php%3Fpage%3D8%26cno1%3D1070&ctype=1&cno1=1070
콜롬비아 후일라 수프리모(새벽배송),11200원,콜롬비아,almacielo,https://www.almacielo.com/shop/detail.php?pno=97E8527FEAF77A97FC38F34216141515&rURL=https%3A%2F%2Fwww.almacielo.com%2Fshop%2Fbig_section.php%3Fpage%3D8%26cno1%3D1070&ctype=1&cno1=1070
브라질 씨에라 옐로우 버번 내추럴 NY2 FC(새벽배송),10800원,브라질,almacielo,https://www.almacielo.com/shop/detail.php?pno=81448138F5F163CCDBA4ACC69819F280&rURL=https%3A%2F%2Fwww.almacielo.com%2Fshop%2Fbig_section.php%3Fpage%3D8%26cno1%3D1070&ctype=1&cno1=1070
브라질 까마로사 레드 버번 내추럴 NY2 FC(새벽배송),11100원,브라질,almacielo,https://www.almacielo.com/shop/detail.php?pno=7DCD340D84F762EBA80AA538B0C527F7&rURL=https%3A%2F%2Fwww.almacielo.com%2Fshop%2Fbig_section.php%3Fpage%3D8%26cno1%3D1070&ctype=1&cno1=1070
브라질 술데미나스 펄프드 내추럴 NY2 FC(새벽배송),9100원,브라질,almacielo,https://www.almacielo.com/shop/detail.php?pno=16C222AA19898E5058938167C8AB6C57&rURL=https%3A%2F%2Fwww.almacielo.com%2Fshop%2Fbig_section.php%3Fpage%3D9%26cno1%3D1070&ctype=1&cno1=1070
브라질 모지아나 내추럴 NY2 FC(새벽배송),8900원,브라질,almacielo,https://www.almacielo.com/shop/detail.php?pno=9B72E31DAC81715466CD580A448CF823&rURL=https%3A%2F%2Fwww.almacielo.com%2Fshop%2Fbig_section.php%3Fpage%3D9%26cno1%3D1070&ctype=1&cno1=1070
브라질 세라도 NY2 FC(새벽배송),8100원,브라질,almacielo,https://www.almacielo.com/shop/detail.php?pno=5737034557EF5B8C02C0E46513B98F90&rURL=https%3A%2F%2Fwww.almacielo.com%2Fshop%2Fbig_section.php%3Fpage%3D9%26cno1%3D1070&ctype=1&cno1=1070
브라질 산토스 NY2 FC(새벽배송),8700원,브라질,almacielo,https://www.almacielo.com/shop/detail.php?pno=5EA1649A31336092C05438DF996A3E59&rURL=https%3A%2F%2Fwww.almacielo.com%2Fshop%2Fbig_section.php%3Fpage%3D9%26cno1%3D1070&ctype=1&cno1=1070
브라질 미나스 제라스 내추럴 NY2 FC(새벽배송),8400원,브라질,almacielo,https://www.almacielo.com/shop/detail.php?pno=65658FDE58AB3C2B6E5132A39FAE7CB9&rURL=https%3A%2F%2Fwww.almacielo.com%2Fshop%2Fbig_section.php%3Fpage%3D9%26cno1%3D1070&ctype=1&cno1=1070
에티오피아 코케 허니 예가체프 G1(새벽배송),17200원,에티오피아,almacielo,https://www.almacielo.com/shop/detail.php?pno=33E8075E9970DE0CFEA955AFD4644BB2&rURL=https%3A%2F%2Fwww.almacielo.com%2Fshop%2Fbig_section.php%3Fpage%3D9%26cno1%3D1070&ctype=1&cno1=1070
에티오피아 아리차 내추럴 예가체프 G1 (새벽배송),18700원,에티오피아,almacielo,https://www.almacielo.com/shop/detail.php?pno=C399862D3B9D6B76C8436E924A68C45B&rURL=https%3A%2F%2Fwww.almacielo.com%2Fshop%2Fbig_section.php%3Fpage%3D9%26cno1%3D1070&ctype=1&cno1=1070
에티오피아 아리차 워시드 예가체프 G1 (2021 CROP)(새벽배송),16700원,에티오피아,almacielo,https://www.almacielo.com/shop/detail.php?pno=DF877F3865752637DAA540EA9CBC474F&rURL=https%3A%2F%2Fwww.almacielo.com%2Fshop%2Fbig_section.php%3Fpage%3D9%26cno1%3D1070&ctype=1&cno1=1070
에티오피아 모모라 워시드 구지 G1 (2021 CROP)(새벽배송),16700원,에티오피아,almacielo,https://www.almacielo.com/shop/detail.php?pno=298F95E1BF9136124592C8D4825A06FC&rURL=https%3A%2F%2Fwww.almacielo.com%2Fshop%2Fbig_section.php%3Fpage%3D9%26cno1%3D1070&ctype=1&cno1=1070
에티오피아 모모라 내추럴 구지 G1 (새벽배송),18700원,에티오피아,almacielo,https://www.almacielo.com/shop/detail.php?pno=0FCBC61ACD0479DC77E3CCCC0F5FFCA7&rURL=https%3A%2F%2Fwww.almacielo.com%2Fshop%2Fbig_section.php%3Fpage%3D9%26cno1%3D1070&ctype=1&cno1=1070
에티오피아 예가체프 G2 코체레 (새벽배송),12200원,에티오피아,almacielo,https://www.almacielo.com/shop/detail.php?pno=D64A340BCB633F536D56E51874281454&rURL=https%3A%2F%2Fwww.almacielo.com%2Fshop%2Fbig_section.php%3Fpage%3D9%26cno1%3D1070&ctype=1&cno1=1070
에티오피아 예가체프 G2 띠에라(새벽배송),11700원,에티오피아,almacielo,https://www.almacielo.com/shop/detail.php?pno=37F0E884FBAD9667E38940169D0A3C95&rURL=https%3A%2F%2Fwww.almacielo.com%2Fshop%2Fbig_section.php%3Fpage%3D9%26cno1%3D1070&ctype=1&cno1=1070
에티오피아 예가체프 G2(새벽배송),11400원,에티오피아,almacielo,https://www.almacielo.com/shop/detail.php?pno=F4BE00279EE2E0A53EAFDAA94A151E2C&rURL=https%3A%2F%2Fwww.almacielo.com%2Fshop%2Fbig_section.php%3Fpage%3D9%26cno1%3D1070&ctype=1&cno1=1070
에티오피아 시다모 G4 (새벽배송),8500원,에티오피아,almacielo,https://www.almacielo.com/shop/detail.php?pno=13F320E7B5EAD1024AC95C3B208610DB&rURL=https%3A%2F%2Fwww.almacielo.com%2Fshop%2Fbig_section.php%3Fpage%3D9%26cno1%3D1070&ctype=1&cno1=1070
에티오피아 시다모 G2 (새벽배송),11000원,에티오피아,almacielo,https://www.almacielo.com/shop/detail.php?pno=85422AFB467E9456013A2A51D4DFF702&rURL=https%3A%2F%2Fwww.almacielo.com%2Fshop%2Fbig_section.php%3Fpage%3D9%26cno1%3D1070&ctype=1&cno1=1070
탄자니아 모시 AA North(새벽배송),10000원,탄자니아,almacielo,https://www.almacielo.com/shop/detail.php?pno=69421F032498C97020180038FDDB8E24&rURL=https%3A%2F%2Fwww.almacielo.com%2Fshop%2Fbig_section.php%3Fpage%3D9%26cno1%3D1070&ctype=1&cno1=1070
케냐 키암부 AA(새벽배송),15200원,케냐,almacielo,https://www.almacielo.com/shop/detail.php?pno=2BB232C0B13C774965EF8558F0FBD615&rURL=https%3A%2F%2Fwww.almacielo.com%2Fshop%2Fbig_section.php%3Fpage%3D10%26cno1%3D1070&ctype=1&cno1=1070
케냐 니에리 AA(새벽배송),15000원,케냐,almacielo,https://www.almacielo.com/shop/detail.php?pno=53FDE96FCC4B4CE72D7739202324CD49&rURL=https%3A%2F%2Fwww.almacielo.com%2Fshop%2Fbig_section.php%3Fpage%3D10%26cno1%3D1070&ctype=1&cno1=1070
엘 살바도르 SHG EP(새벽배송),9700원,엘살바도르,almacielo,https://www.almacielo.com/shop/detail.php?pno=07563A3FE3BBE7E3BA84431AD9D055AF&rURL=https%3A%2F%2Fwww.almacielo.com%2Fshop%2Fbig_section.php%3Fpage%3D10%26cno1%3D1070&ctype=1&cno1=1070
코스타리카 따라주 SHB(새벽배송),11200원,코스타리카,almacielo,https://www.almacielo.com/shop/detail.php?pno=CF67355A3333E6E143439161ADC2D82E&rURL=https%3A%2F%2Fwww.almacielo.com%2Fshop%2Fbig_section.php%3Fpage%3D10%26cno1%3D1070&ctype=1&cno1=1070
코스타리카 SHB EP(새벽배송),10800원,코스타리카,almacielo,https://www.almacielo.com/shop/detail.php?pno=63538FE6EF330C13A05A3ED7E599D5F7&rURL=https%3A%2F%2Fwww.almacielo.com%2Fshop%2Fbig_section.php%3Fpage%3D10%26cno1%3D1070&ctype=1&cno1=1070
온두라스 엘도라도 워시드 SHG(새벽배송),9700원,온두라스,almacielo,https://www.almacielo.com/shop/detail.php?pno=EBD9629FC3AE5E9F6611E2EE05A31CEF&rURL=https%3A%2F%2Fwww.almacielo.com%2Fshop%2Fbig_section.php%3Fpage%3D10%26cno1%3D1070&ctype=1&cno1=1070
과테말라 뉴 오리엔테 SHB EP,10000원,과테말라,almacielo,https://www.almacielo.com/shop/detail.php?pno=38913E1D6A7B94CB0F55994F679F5956&rURL=https%3A%2F%2Fwww.almacielo.com%2Fshop%2Fbig_section.php%3Fpage%3D10%26cno1%3D1070&ctype=1&cno1=1070
르완다 인조부 슈프림(새벽배송),10300원,르완다,almacielo,https://www.almacielo.com/shop/detail.php?pno=258BE18E31C8188555C2FF05B4D542C3&rURL=https%3A%2F%2Fwww.almacielo.com%2Fshop%2Fbig_section.php%3Fpage%3D10%26cno1%3D1070&ctype=1&cno1=1070
부룬디 리미로 내추럴 AA(새벽배송),16200원,부룬디,almacielo,https://www.almacielo.com/shop/detail.php?pno=A8849B052492B5106526B2331E526138&rURL=https%3A%2F%2Fwww.almacielo.com%2Fshop%2Fbig_section.php%3Fpage%3D10%26cno1%3D1070&ctype=1&cno1=1070
부룬디 부테가나 풀리 워시드 AA(새벽배송),13700원,부룬디,almacielo,https://www.almacielo.com/shop/detail.php?pno=FDE9264CF376FFFE2EE4DDF4A988880D&rURL=https%3A%2F%2Fwww.almacielo.com%2Fshop%2Fbig_section.php%3Fpage%3D10%26cno1%3D1070&ctype=1&cno1=1070
부룬디 카얀자 AA(새벽배송),10200원,부룬디,almacielo,https://www.almacielo.com/shop/detail.php?pno=A7AEED74714116F3B292A982238F83D2&rURL=https%3A%2F%2Fwww.almacielo.com%2Fshop%2Fbig_section.php%3Fpage%3D10%26cno1%3D1070&ctype=1&cno1=1070
인도네시아 만델링G1 TP(새벽배송),12700원,인도네시아,almacielo,https://www.almacielo.com/shop/detail.php?pno=FFEABD223DE0D4EACB9A3E6E53E5448D&rURL=https%3A%2F%2Fwww.almacielo.com%2Fshop%2Fbig_section.php%3Fpage%3D10%26cno1%3D1070&ctype=1&cno1=1070
인도네시아 아체가요 G1(새벽배송),13700원,인도네시아,almacielo,https://www.almacielo.com/shop/detail.php?pno=F0E52B27A7A5D6A1A87373DFFA53DBE5&rURL=https%3A%2F%2Fwww.almacielo.com%2Fshop%2Fbig_section.php%3Fpage%3D10%26cno1%3D1070&ctype=1&cno1=1070
인도 카피로얄 로부스타 AA(새벽배송),7200원,인도,almacielo,https://www.almacielo.com/shop/detail.php?pno=E5F6AD6CE374177EEF023BF5D0C018B6&rURL=https%3A%2F%2Fwww.almacielo.com%2Fshop%2Fbig_section.php%3Fpage%3D10%26cno1%3D1070&ctype=1&cno1=1070
베트남 로부스타 G1(새벽배송),6200원,베트남,almacielo,https://www.almacielo.com/shop/detail.php?pno=E6B4B2A746ED40E1AF829D1FA82DAA10&rURL=https%3A%2F%2Fwww.almacielo.com%2Fshop%2Fbig_section.php%3Fpage%3D10%26cno1%3D1070&ctype=1&cno1=1070
인도네시아 골든 롱베리 내추럴 G1(새벽배송),29700원,인도네시아,almacielo,https://www.almacielo.com/shop/detail.php?pno=C9892A989183DE32E976C6F04E700201&rURL=https%3A%2F%2Fwww.almacielo.com%2Fshop%2Fbig_section.php%3Fpage%3D10%26cno1%3D1070&ctype=1&cno1=1070
브라질 와그너 옐로우 버번 내추럴 NY2 FC(새벽배송),11200원,브라질,almacielo,https://www.almacielo.com/shop/detail.php?pno=766EBCD59621E305170616BA3D3DAC32&rURL=https%3A%2F%2Fwww.almacielo.com%2Fshop%2Fbig_section.php%3Fpage%3D11%26cno1%3D1070&ctype=1&cno1=1070
과테말라 산 루카스 워시드 SHB(새벽배송),11700원,과테말라,almacielo,https://www.almacielo.com/shop/detail.php?pno=DACA41214B39C5DC66674D09081940F0&rURL=https%3A%2F%2Fwww.almacielo.com%2Fshop%2Fbig_section.php%3Fpage%3D11%26cno1%3D1070&ctype=1&cno1=1070
과테말라 알리시아 내추럴 SHB(새벽배송),15700원,과테말라,almacielo,https://www.almacielo.com/shop/detail.php?pno=30BB3825E8F631CC6075C0F87BB4978C&rURL=https%3A%2F%2Fwww.almacielo.com%2Fshop%2Fbig_section.php%3Fpage%3D11%26cno1%3D1070&ctype=1&cno1=1070
코스타리카 리오 그란데 워시드 SHB(새벽배송),17700원,코스타리카,almacielo,https://www.almacielo.com/shop/detail.php?pno=08B255A5D42B89B0585260B6F2360BDD&rURL=https%3A%2F%2Fwww.almacielo.com%2Fshop%2Fbig_section.php%3Fpage%3D11%26cno1%3D1070&ctype=1&cno1=1070
코스타리카 소노라 화이트 허니 SHB(새벽배송),18200원,코스타리카,almacielo,https://www.almacielo.com/shop/detail.php?pno=3493894FA4EA036CFC6433C3E2EE63B0&rURL=https%3A%2F%2Fwww.almacielo.com%2Fshop%2Fbig_section.php%3Fpage%3D11%26cno1%3D1070&ctype=1&cno1=1070
코스타리카 산 이그나시오 레드 허니 SHB(새벽배송),19200원,코스타리카,almacielo,https://www.almacielo.com/shop/detail.php?pno=DBE272BAB69F8E13F14B405E038DEB64&rURL=https%3A%2F%2Fwww.almacielo.com%2Fshop%2Fbig_section.php%3Fpage%3D11%26cno1%3D1070&ctype=1&cno1=1070
코스타리카 라스 로라스 레드 허니 SHB(새벽배송),19700원,코스타리카,almacielo,https://www.almacielo.com/shop/detail.php?pno=ACC3E0404646C57502B480DC052C4FE1&rURL=https%3A%2F%2Fwww.almacielo.com%2Fshop%2Fbig_section.php%3Fpage%3D11%26cno1%3D1070&ctype=1&cno1=1070
코스타리카 소노라 내추럴 SHB(새벽배송),21200원,코스타리카,almacielo,https://www.almacielo.com/shop/detail.php?pno=04ECB1FA28506CCB6F72B12C0245DDBC&rURL=https%3A%2F%2Fwww.almacielo.com%2Fshop%2Fbig_section.php%3Fpage%3D11%26cno1%3D1070&ctype=1&cno1=1070
코스타리카 아코스타 내추럴 SHB(새벽배송),20700원,코스타리카,almacielo,https://www.almacielo.com/shop/detail.php?pno=076A0C97D09CF1A0EC3E19C7F2529F2B&rURL=https%3A%2F%2Fwww.almacielo.com%2Fshop%2Fbig_section.php%3Fpage%3D11%26cno1%3D1070&ctype=1&cno1=1070
온두라스 산 어거스틴 워시드 SHG(새벽배송),10200원,온두라스,almacielo,https://www.almacielo.com/shop/detail.php?pno=6ACA97005C68F1206823815F66102863&rURL=https%3A%2F%2Fwww.almacielo.com%2Fshop%2Fbig_section.php%3Fpage%3D11%26cno1%3D1070&ctype=1&cno1=1070
온두라스 카바예로 내추럴 SHG(새벽배송),16700원,온두라스,almacielo,https://www.almacielo.com/shop/detail.php?pno=3435C378BB76D4357324DD7E69F3CD18&rURL=https%3A%2F%2Fwww.almacielo.com%2Fshop%2Fbig_section.php%3Fpage%3D11%26cno1%3D1070&ctype=1&cno1=1070
온두라스 아만도 내추럴 SHG(새벽배송),16700원,온두라스,almacielo,https://www.almacielo.com/shop/detail.php?pno=D490D7B4576290FA60EB31B5FC917AD1&rURL=https%3A%2F%2Fwww.almacielo.com%2Fshop%2Fbig_section.php%3Fpage%3D11%26cno1%3D1070&ctype=1&cno1=1070
에티오피아 리무 G2 (새벽배송),10700원,에티오피아,almacielo,https://www.almacielo.com/shop/detail.php?pno=B2F627FFF19FDA463CB386442EAC2B3D&rURL=https%3A%2F%2Fwww.almacielo.com%2Fshop%2Fbig_section.php%3Fpage%3D11%26cno1%3D1070&ctype=1&cno1=1070
에티오피아 코체레 워시드 예가체프 G1 (새벽배송),16200원,에티오피아,almacielo,https://www.almacielo.com/shop/detail.php?pno=C3992E9A68C5AE12BD18488BC579B30D&rURL=https%3A%2F%2Fwww.almacielo.com%2Fshop%2Fbig_section.php%3Fpage%3D11%26cno1%3D1070&ctype=1&cno1=1070
에티오피아 아다메 워시드 예가체프 G1(새벽배송),10200원,에티오피아,almacielo,https://www.almacielo.com/shop/detail.php?pno=D86EA612DEC96096C5E0FCC8DD42AB6D&rURL=https%3A%2F%2Fwww.almacielo.com%2Fshop%2Fbig_section.php%3Fpage%3D11%26cno1%3D1070&ctype=1&cno1=1070
탄자니아 키자니 워시드 PB TOP(새벽배송),11700원,탄자니아,almacielo,https://www.almacielo.com/shop/detail.php?pno=9CF81D8026A9018052C429CC4E56739B&rURL=https%3A%2F%2Fwww.almacielo.com%2Fshop%2Fbig_section.php%3Fpage%3D11%26cno1%3D1070&ctype=1&cno1=1070
탄자니아 프와니 AAA SOUTH(새벽배송),10500원,탄자니아,almacielo,https://www.almacielo.com/shop/detail.php?pno=C361BC7B2C033A83D663B8D9FB4BE56E&rURL=https%3A%2F%2Fwww.almacielo.com%2Fshop%2Fbig_section.php%3Fpage%3D12%26cno1%3D1070&ctype=1&cno1=1070
에티오피아 콩가 워시드 예가체프 G1(새벽배송),17200원,에티오피아,almacielo,https://www.almacielo.com/shop/detail.php?pno=44C4C17332CACE2124A1A836D9FC4B6F&rURL=https%3A%2F%2Fwww.almacielo.com%2Fshop%2Fbig_section.php%3Fpage%3D12%26cno1%3D1070&ctype=1&cno1=1070
에티오피아 첼바 워시드 예가체프 G1(새벽배송),17700원,에티오피아,almacielo,https://www.almacielo.com/shop/detail.php?pno=DC82D632C9FCECB0778AFBC7924494A6&rURL=https%3A%2F%2Fwww.almacielo.com%2Fshop%2Fbig_section.php%3Fpage%3D12%26cno1%3D1070&ctype=1&cno1=1070
에티오피아 카욘 마운틴 워시드 구지 G1(새벽배송),18200원,에티오피아,almacielo,https://www.almacielo.com/shop/detail.php?pno=996A7FA078CC36C46D02F9AF3BEF918B&rURL=https%3A%2F%2Fwww.almacielo.com%2Fshop%2Fbig_section.php%3Fpage%3D12%26cno1%3D1070&ctype=1&cno1=1070
에티오피아 봉가 내추럴 케파 G1(새벽배송),16700원,에티오피아,almacielo,https://www.almacielo.com/shop/detail.php?pno=00AC8ED3B4327BDD4EBBEBCB2BA10A00&rURL=https%3A%2F%2Fwww.almacielo.com%2Fshop%2Fbig_section.php%3Fpage%3D12%26cno1%3D1070&ctype=1&cno1=1070
에티오피아 코체레 내추럴 예가체프 G1(새벽배송),18200원,에티오피아,almacielo,https://www.almacielo.com/shop/detail.php?pno=8EBDA540CBCC4D7336496819A46A1B68&rURL=https%3A%2F%2Fwww.almacielo.com%2Fshop%2Fbig_section.php%3Fpage%3D12%26cno1%3D1070&ctype=1&cno1=1070
에티오피아 와추 내추럴 구지 G1(새벽배송),13200원,에티오피아,almacielo,https://www.almacielo.com/shop/detail.php?pno=F76A89F0CB91BC419542CE9FA43902DC&rURL=https%3A%2F%2Fwww.almacielo.com%2Fshop%2Fbig_section.php%3Fpage%3D12%26cno1%3D1070&ctype=1&cno1=1070
에티오피아 콩가 내추럴 예가체프 G1(새벽배송),18700원,에티오피아,almacielo,https://www.almacielo.com/shop/detail.php?pno=F29C21D4897F78948B91F03172341B7B&rURL=https%3A%2F%2Fwww.almacielo.com%2Fshop%2Fbig_section.php%3Fpage%3D12%26cno1%3D1070&ctype=1&cno1=1070
에티오피아 첼바 내추럴 예가체프 G1(새벽배송),19200원,에티오피아,almacielo,https://www.almacielo.com/shop/detail.php?pno=851DDF5058CF22DF63D3344AD89919CF&rURL=https%3A%2F%2Fwww.almacielo.com%2Fshop%2Fbig_section.php%3Fpage%3D12%26cno1%3D1070&ctype=1&cno1=1070
에티오피아 카욘 마운틴 허니 구지 G1(새벽배송),20200원,에티오피아,almacielo,https://www.almacielo.com/shop/detail.php?pno=58D4D1E7B1E97B258C9ED0B37E02D087&rURL=https%3A%2F%2Fwww.almacielo.com%2Fshop%2Fbig_section.php%3Fpage%3D12%26cno1%3D1070&ctype=1&cno1=1070
에티오피아 카욘 마운틴 내추럴 구지 G1(새벽배송),21200원,에티오피아,almacielo,https://www.almacielo.com/shop/detail.php?pno=7750CA3559E5B8E1F44210283368FC16&rURL=https%3A%2F%2Fwww.almacielo.com%2Fshop%2Fbig_section.php%3Fpage%3D12%26cno1%3D1070&ctype=1&cno1=1070
2021챌린지컵 [하반기예선] 신청 ★모집종료★,15000원,2021챌린지컵,almacielo,https://www.almacielo.com/shop/detail.php?pno=B7B16ECF8CA53723593894116071700C&rURL=https%3A%2F%2Fwww.almacielo.com%2Fshop%2Fbig_section.php%3Fpage%3D12%26cno1%3D1070&ctype=1&cno1=1070
콜롬비아 산타로사 수프리모,11200원,콜롬비아,almacielo,https://www.almacielo.com/shop/detail.php?pno=B5B41FAC0361D157D9673ECB926AF5AE&rURL=https%3A%2F%2Fwww.almacielo.com%2Fshop%2Fbig_section.php%3Fpage%3D12%26cno1%3D1070&ctype=1&cno1=1070
콜롬비아 라 아구아다 워시드 수프리모,15900원,콜롬비아,almacielo,https://www.almacielo.com/shop/detail.php?pno=8E6B42F1644ECB1327DC03AB345E618B&rURL=https%3A%2F%2Fwww.almacielo.com%2Fshop%2Fbig_section.php%3Fpage%3D12%26cno1%3D1070&ctype=1&cno1=1070
케냐 코모타이 AA TOP,23900원,케냐,almacielo,https://www.almacielo.com/shop/detail.php?pno=A8ABB4BB284B5B27AA7CB790DC20F80B&rURL=https%3A%2F%2Fwww.almacielo.com%2Fshop%2Fbig_section.php%3Fpage%3D12%26cno1%3D1070&ctype=1&cno1=1070
케냐 카라니 PB TOP,20400원,케냐,almacielo,https://www.almacielo.com/shop/detail.php?pno=A49E9411D64FF53ECCFDD09AD10A15B3&rURL=https%3A%2F%2Fwww.almacielo.com%2Fshop%2Fbig_section.php%3Fpage%3D12%26cno1%3D1070&ctype=1&cno1=1070
에티오피아 블레 워시드 예가체프 G1,18400원,에티오피아,almacielo,https://www.almacielo.com/shop/detail.php?pno=66808E327DC79D135BA18E051673D906&rURL=https%3A%2F%2Fwww.almacielo.com%2Fshop%2Fbig_section.php%3Fpage%3D13%26cno1%3D1070&ctype=1&cno1=1070
에티오피아 반코 워시드 예가체프 G1,18400원,에티오피아,almacielo,https://www.almacielo.com/shop/detail.php?pno=0DEB1C54814305CA9AD266F53BC82511&rURL=https%3A%2F%2Fwww.almacielo.com%2Fshop%2Fbig_section.php%3Fpage%3D13%26cno1%3D1070&ctype=1&cno1=1070
과테말라 라 에르모사 워시드 SHB,14900원,과테말라,almacielo,https://www.almacielo.com/shop/detail.php?pno=5A4B25AAED25C2EE1B74DE72DC03C14E&rURL=https%3A%2F%2Fwww.almacielo.com%2Fshop%2Fbig_section.php%3Fpage%3D13%26cno1%3D1070&ctype=1&cno1=1070
르완다 카람비 내추럴 AA,13400원,르완다,almacielo,https://www.almacielo.com/shop/detail.php?pno=3AD7C2EBB96FCBA7CDA0CF54A2E802F5&rURL=https%3A%2F%2Fwww.almacielo.com%2Fshop%2Fbig_section.php%3Fpage%3D13%26cno1%3D1070&ctype=1&cno1=1070
온두라스 엘 파라이소 디카페인 SHG,14400원,온두라스,almacielo,https://www.almacielo.com/shop/detail.php?pno=D96409BF894217686BA124D7356686C9&rURL=https%3A%2F%2Fwww.almacielo.com%2Fshop%2Fbig_section.php%3Fpage%3D13%26cno1%3D1070&ctype=1&cno1=1070
탄자니아 키보 AA 킬리만자로,11100원,탄자니아,almacielo,https://www.almacielo.com/shop/detail.php?pno=EAE27D77CA20DB309E056E3D2DCD7D69&rURL=https%3A%2F%2Fwww.almacielo.com%2Fshop%2Fbig_section.php%3Fpage%3D13%26cno1%3D1070&ctype=1&cno1=1070
니카라과 라 몬타나 마라고지페 워시드 SHG,20900원,니카라과,almacielo,https://www.almacielo.com/shop/detail.php?pno=84D9EE44E457DDEF7F2C4F25DC8FA865&rURL=https%3A%2F%2Fwww.almacielo.com%2Fshop%2Fbig_section.php%3Fpage%3D13%26cno1%3D1070&ctype=1&cno1=1070
니카라과 린다 비스타 내추럴 SHG,18900원,니카라과,almacielo,https://www.almacielo.com/shop/detail.php?pno=084B6FBB10729ED4DA8C3D3F5A3AE7C9&rURL=https%3A%2F%2Fwww.almacielo.com%2Fshop%2Fbig_section.php%3Fpage%3D13%26cno1%3D1070&ctype=1&cno1=1070
온두라스 산드라 이사벨 내추럴 SHG,16400원,온두라스,almacielo,https://www.almacielo.com/shop/detail.php?pno=F7E6C85504CE6E82442C770F7C8606F0&rURL=https%3A%2F%2Fwww.almacielo.com%2Fshop%2Fbig_section.php%3Fpage%3D13%26cno1%3D1070&ctype=1&cno1=1070
온두라스 빅토리아 워시드 SHG,9400원,온두라스,almacielo,https://www.almacielo.com/shop/detail.php?pno=149E9677A5989FD342AE44213DF68868&rURL=https%3A%2F%2Fwww.almacielo.com%2Fshop%2Fbig_section.php%3Fpage%3D13%26cno1%3D1070&ctype=1&cno1=1070
엘 살바도르 라스 누베스 허니 SHG,18400원,엘살바도르,almacielo,https://www.almacielo.com/shop/detail.php?pno=BD4C9AB730F5513206B999EC0D90D1FB&rURL=https%3A%2F%2Fwww.almacielo.com%2Fshop%2Fbig_section.php%3Fpage%3D13%26cno1%3D1070&ctype=1&cno1=1070
엘 살바도르 캄파눌라 워시드 SHG,12900원,엘살바도르,almacielo,https://www.almacielo.com/shop/detail.php?pno=140F6969D5213FD0ECE03148E62E461E&rURL=https%3A%2F%2Fwww.almacielo.com%2Fshop%2Fbig_section.php%3Fpage%3D13%26cno1%3D1070&ctype=1&cno1=1070
파나마 자라밀로 게이샤 워시드,249000원,파나마,almacielo,https://www.almacielo.com/shop/detail.php?pno=1C9AC0159C94D8D0CBEDC973445AF2DA&rURL=https%3A%2F%2Fwww.almacielo.com%2Fshop%2Fbig_section.php%3Fpage%3D13%26cno1%3D1070&ctype=1&cno1=1070
에콰도르 기예르모 시드라 워시드,69900원,에콰도르,almacielo,https://www.almacielo.com/shop/detail.php?pno=2A79EA27C279E471F4D180B08D62B00A&rURL=https%3A%2F%2Fwww.almacielo.com%2Fshop%2Fbig_section.php%3Fpage%3D13%26cno1%3D1070&ctype=1&cno1=1070
페루 카스카스 워시드 G1,11400원,페루,almacielo,https://www.almacielo.com/shop/detail.php?pno=1D7F7ABC18FCB43975065399B0D1E48E&rURL=https%3A%2F%2Fwww.almacielo.com%2Fshop%2Fbig_section.php%3Fpage%3D13%26cno1%3D1070&ctype=1&cno1=1070
콜롬비아 라 콜롬비아 수프리모,13400원,콜롬비아,almacielo,https://www.almacielo.com/shop/detail.php?pno=65DED5353C5EE48D0B7D48C591B8F430&rURL=https%3A%2F%2Fwww.almacielo.com%2Fshop%2Fbig_section.php%3Fpage%3D13%26cno1%3D1070&ctype=1&cno1=1070
콜롬비아 에르난데스 후일라 유기농,11400원,콜롬비아,almacielo,https://www.almacielo.com/shop/detail.php?pno=9B8619251A19057CFF70779273E95AA6&rURL=https%3A%2F%2Fwww.almacielo.com%2Fshop%2Fbig_section.php%3Fpage%3D14%26cno1%3D1070&ctype=1&cno1=1070
콜롬비아 라 프란시아 수프리모,10900원,콜롬비아,almacielo,https://www.almacielo.com/shop/detail.php?pno=76DC611D6EBAAFC66CC0879C71B5DB5C&rURL=https%3A%2F%2Fwww.almacielo.com%2Fshop%2Fbig_section.php%3Fpage%3D14%26cno1%3D1070&ctype=1&cno1=1070
에티오피아 랄리사 프로젝트 내추럴 예가체프 G1,21900원,에티오피아,almacielo,https://www.almacielo.com/shop/detail.php?pno=698D51A19D8A121CE581499D7B701668&rURL=https%3A%2F%2Fwww.almacielo.com%2Fshop%2Fbig_section.php%3Fpage%3D14%26cno1%3D1070&ctype=1&cno1=1070
에티오피아 디카페인 예가체프 G2,18400원,에티오피아,almacielo,https://www.almacielo.com/shop/detail.php?pno=C9E1074F5B3F9FC8EA15D152ADD07294&rURL=https%3A%2F%2Fwww.almacielo.com%2Fshop%2Fbig_section.php%3Fpage%3D14%26cno1%3D1070&ctype=1&cno1=1070
에티오피아 워카 워시드 예가체프 G1,12900원,에티오피아,almacielo,https://www.almacielo.com/shop/detail.php?pno=92CC227532D17E56E07902B254DFAD10&rURL=https%3A%2F%2Fwww.almacielo.com%2Fshop%2Fbig_section.php%3Fpage%3D14%26cno1%3D1070&ctype=1&cno1=1070
에티오피아 케바도 워시드 시다모 G1,11400원,에티오피아,almacielo,https://www.almacielo.com/shop/detail.php?pno=68D30A9594728BC39AA24BE94B319D21&rURL=https%3A%2F%2Fwww.almacielo.com%2Fshop%2Fbig_section.php%3Fpage%3D14%26cno1%3D1070&ctype=1&cno1=1070
파푸아뉴기니 플랜테이션 A 쿠크 워시드,11900원,파푸아뉴기니,almacielo,https://www.almacielo.com/shop/detail.php?pno=72B32A1F754BA1C09B3695E0CB6CDE7F&rURL=https%3A%2F%2Fwww.almacielo.com%2Fshop%2Fbig_section.php%3Fpage%3D14%26cno1%3D1070&ctype=1&cno1=1070
인도네시아 골리앗 롱베리 G1,24900원,인도네시아,almacielo,https://www.almacielo.com/shop/detail.php?pno=B53B3A3D6AB90CE0268229151C9BDE11&rURL=https%3A%2F%2Fwww.almacielo.com%2Fshop%2Fbig_section.php%3Fpage%3D14%26cno1%3D1070&ctype=1&cno1=1070
우간다 마운트 엘곤 워시드 A,5900원,우간다,almacielo,https://www.almacielo.com/shop/detail.php?pno=A5BFC9E07964F8DDDEB95FC584CD965D&rURL=https%3A%2F%2Fwww.almacielo.com%2Fshop%2Fbig_section.php%3Fpage%3D14%26cno1%3D1070&ctype=1&cno1=1070
케냐 완젠기 AA TOP,23900원,케냐,almacielo,https://www.almacielo.com/shop/detail.php?pno=33E75FF09DD601BBE69F351039152189&rURL=https%3A%2F%2Fwww.almacielo.com%2Fshop%2Fbig_section.php%3Fpage%3D14%26cno1%3D1070&ctype=1&cno1=1070
케냐 로이 AA PLUS,15600원,케냐,almacielo,https://www.almacielo.com/shop/detail.php?pno=1FF1DE774005F8DA13F42943881C655F&rURL=https%3A%2F%2Fwww.almacielo.com%2Fshop%2Fbig_section.php%3Fpage%3D14%26cno1%3D1070&ctype=1&cno1=1070
브라질 프랑카 내추럴 NY2 FC,8900원,브라질,almacielo,https://www.almacielo.com/shop/detail.php?pno=7E7757B1E12ABCB736AB9A754FFB617A&rURL=https%3A%2F%2Fwww.almacielo.com%2Fshop%2Fbig_section.php%3Fpage%3D14%26cno1%3D1070&ctype=1&cno1=1070
콜롬비아 카우카 수프리모(새벽배송),11700원,콜롬비아,almacielo,https://www.almacielo.com/shop/detail.php?pno=45645A27C4F1ADC8A7A835976064A86D&rURL=https%3A%2F%2Fwww.almacielo.com%2Fshop%2Fbig_section.php%3Fcno1%3D1070&ctype=1&cno1=1070
케냐 리아라 PB TOP,19900원,케냐,almacielo,https://www.almacielo.com/shop/detail.php?pno=35051070E572E47D2C26C241AB88307F&rURL=https%3A%2F%2Fwww.almacielo.com%2Fshop%2Fbig_section.php%3Fcno1%3D1070&ctype=1&cno1=1070
케냐 메이왈 PB TOP,20400원,케냐,almacielo,https://www.almacielo.com/shop/detail.php?pno=1BE3BC32E6564055D5CA3E5A354ACBEF&rURL=https%3A%2F%2Fwww.almacielo.com%2Fshop%2Fbig_section.php%3Fcno1%3D1070&ctype=1&cno1=1070
케냐 마띠라 PB TOP,20900원,케냐,almacielo,https://www.almacielo.com/shop/detail.php?pno=2F55707D4193DC27118A0F19A1985716&rURL=https%3A%2F%2Fwww.almacielo.com%2Fshop%2Fbig_section.php%3Fcno1%3D1070&ctype=1&cno1=1070
케냐 가톰보야 AA TOP,23400원,케냐,almacielo,https://www.almacielo.com/shop/detail.php?pno=55A7CF9C71F1C9C495413F934DD1A158&rURL=https%3A%2F%2Fwww.almacielo.com%2Fshop%2Fbig_section.php%3Fcno1%3D1070&ctype=1&cno1=1070
에티오피아 예가체프 G2 코체레,11900원,에티오피아,almacielo,https://www.almacielo.com/shop/detail.php?pno=854D9FCA60B4BD07F9BB215D59EF5561&rURL=https%3A%2F%2Fwww.almacielo.com%2Fshop%2Fbig_section.php%3Fcno1%3D1070&ctype=1&cno1=1070
에티오피아 예가체프 G2,11100원,에티오피아,almacielo,https://www.almacielo.com/shop/detail.php?pno=C3C59E5F8B3E9753913F4D435B53C308&rURL=https%3A%2F%2Fwww.almacielo.com%2Fshop%2Fbig_section.php%3Fcno1%3D1070&ctype=1&cno1=1070
에티오피아 시다모 G2,10700원,에티오피아,almacielo,https://www.almacielo.com/shop/detail.php?pno=A516A87CFCAEF229B342C437FE2B95F7&rURL=https%3A%2F%2Fwww.almacielo.com%2Fshop%2Fbig_section.php%3Fcno1%3D1070&ctype=1&cno1=1070
콜롬비아 볼리바르 마라고지페 내추럴 수프리모,24900원,콜롬비아,almacielo,https://www.almacielo.com/shop/detail.php?pno=25DDC0F8C9D3E22E03D3076F98D83CB2&rURL=https%3A%2F%2Fwww.almacielo.com%2Fshop%2Fbig_section.php%3Fcno1%3D1070&ctype=1&cno1=1070
콜롬비아 엘 볼칸 위스키 베럴 에이지드 수프리모,79900원,콜롬비아,almacielo,https://www.almacielo.com/shop/detail.php?pno=2050E03CA119580F74CCA14CC6E97462&rURL=https%3A%2F%2Fwww.almacielo.com%2Fshop%2Fbig_section.php%3Fcno1%3D1070&ctype=1&cno1=1070
콜롬비아 볼리바르 게이샤 내추럴 수프리모,59900원,콜롬비아,almacielo,https://www.almacielo.com/shop/detail.php?pno=26337353B7962F533D78C762373B3318&rURL=https%3A%2F%2Fwww.almacielo.com%2Fshop%2Fbig_section.php%3Fcno1%3D1070&ctype=1&cno1=1070
콜롬비아 포르베니르 게이샤 허니 수프리모,45900원,콜롬비아,almacielo,https://www.almacielo.com/shop/detail.php?pno=DC6A6489640CA02B0D42DABEB8E46BB7&rURL=https%3A%2F%2Fwww.almacielo.com%2Fshop%2Fbig_section.php%3Fcno1%3D1070&ctype=1&cno1=1070
콜롬비아 레세르바 럼 베럴 에이지드 수프리모,34900원,콜롬비아,almacielo,https://www.almacielo.com/shop/detail.php?pno=877A9BA7A98F75B90A9D49F53F15A858&rURL=https%3A%2F%2Fwww.almacielo.com%2Fshop%2Fbig_section.php%3Fcno1%3D1070&ctype=1&cno1=1070
콜롬비아 엘 루비 핑크 버번 워시드 수프리모,20400원,콜롬비아,almacielo,https://www.almacielo.com/shop/detail.php?pno=AB817C9349CF9C4F6877E1894A1FAA00&rURL=https%3A%2F%2Fwww.almacielo.com%2Fshop%2Fbig_section.php%3Fcno1%3D1070&ctype=1&cno1=1070
콜롬비아 리까우르떼 내추럴 CO2 수프리모,26900원,콜롬비아,almacielo,https://www.almacielo.com/shop/detail.php?pno=7FE1F8ABAAD094E0B5CB1B01D712F708&rURL=https%3A%2F%2Fwww.almacielo.com%2Fshop%2Fbig_section.php%3Fcno1%3D1070&ctype=1&cno1=1070
에티오피아 아리차 내추럴 예가체프 G1,18400원,에티오피아,almacielo,https://www.almacielo.com/shop/detail.php?pno=D07E70EFCFAB08731A97E7B91BE644DE&rURL=https%3A%2F%2Fwww.almacielo.com%2Fshop%2Fbig_section.php%3Fcno1%3D1070&ctype=1&cno1=1070
