"브라질 이파네마 프리미어크루 럭키박스																	
										SALEBEST","30,000원",브라질,CABROSIA,https://cabrosia.com/37/?idx=446
플라워가든 블라썸 커피,Promotion item,플라워가든,CABROSIA,https://cabrosia.com/37/?idx=503
"브라질 이파네마 유로 (내츄럴)																	
										SOLDOUT","30,500원",브라질,CABROSIA,https://cabrosia.com/37/?idx=64
브라질 이파네마 보사노바 (내츄럴)_BSCA인증,"6,600원",브라질,CABROSIA,https://cabrosia.com/37/?idx=73
브라질 이파네마 콘퀴스타 (내츄럴)_BSCA인증,"7,000원",브라질,CABROSIA,https://cabrosia.com/37/?idx=65
브라질 이파네마 고멧 (펄프드 내츄럴)_BSCA인증,"10,100원",브라질,CABROSIA,https://cabrosia.com/37/?idx=68
브라질 이파네마 옐로 카투아이 (펄프드 내츄럴) _BSCA인증,"7,900원",브라질,CABROSIA,https://cabrosia.com/37/?idx=63
브라질 이파네마 옐로버번 (펄프드 내츄럴)_BSCA인증,"9,500원",브라질,CABROSIA,https://cabrosia.com/37/?idx=66
브라질 이파네마 옐로버번 (풀리 워시드) _BSCA인증,"9,900원",브라질,CABROSIA,https://cabrosia.com/37/?idx=240
"브라질 이파네마 스페셜 리저브 (블렌디드) _BSCA인증																	
										BEST","11,000원",브라질,CABROSIA,https://cabrosia.com/37/?idx=70
브라질 이파네마 프리미어 크루 A35 - Red Fruits,"20,000원",브라질,CABROSIA,https://cabrosia.com/37/?idx=513
브라질 이파네마 프리미어 크루 B71 - Black Tea,"20,000원",브라질,CABROSIA,https://cabrosia.com/37/?idx=488
브라질 이파네마 프리미어 크루 A17 - Lychee,"21,000원",브라질,CABROSIA,https://cabrosia.com/37/?idx=514
브라질 이파네마 프리미어 크루 B34 - Lemon,"21,000원",브라질,CABROSIA,https://cabrosia.com/37/?idx=516
브라질 이파네마 프리미어 크루 B68 - Apricot,"21,000원",브라질,CABROSIA,https://cabrosia.com/37/?idx=517
브라질 이파네마 프리미어 크루 B70 - Winey,"21,000원",브라질,CABROSIA,https://cabrosia.com/37/?idx=494
콜롬비아 수프리모 우일라 (IA),"10,100원",콜롬비아,CABROSIA,https://cabrosia.com/39/?idx=472
코스타리카 SHB EP 따라주 몬타나스 델 디아멘떼,"9,900원",코스타리카,CABROSIA,https://cabrosia.com/39/?idx=93
코스타리카 SHB EP 아그리비드 티피카 허니,"17,000원",,CABROSIA,https://cabrosia.com/39/?idx=496
코스타리카 SHB EP 아그리비드 오렌지 티피카 허니,"18,000원",,CABROSIA,https://cabrosia.com/39/?idx=497
코스타리카 SHB EP 라 크루즈 아프리칸 프로세스,"18,000원",,CABROSIA,https://cabrosia.com/39/?idx=495
,"21,000원",,CABROSIA,https://cabrosia.com/39/?idx=421
과테말라 SHB 안티구아 세레노 (Unitrade),"11,500원",과테말라,CABROSIA,https://cabrosia.com/39/?idx=81
과테말라 SHB 우에우에테낭고 (Unitrade),"10,500원",과테말라,CABROSIA,https://cabrosia.com/39/?idx=80
과테말라 내츄럴 EP (Unitrade),"9,900원",과테말라,CABROSIA,https://cabrosia.com/39/?idx=335
과테말라 워시드 로부스타 EP (Unitrade),"6,900원",과테말라,CABROSIA,https://cabrosia.com/39/?idx=83
과테말라 SHB EP 페나 블랑카 핀카 라 볼사,"16,000원",,CABROSIA,https://cabrosia.com/39/?idx=367
과테말라 SHB EP 카유코 허니 프로세스,"17,000원",,CABROSIA,https://cabrosia.com/39/?idx=411
"온두라스 SHG EP 카푸카스																	
										SOLDOUT","9,000원",온두라스,CABROSIA,https://cabrosia.com/39/?idx=490
엘살바도르 SHG EP RFA 핀카 라스 누베스,"11,500원",엘살바도르,CABROSIA,https://cabrosia.com/39/?idx=230
"자메이카 블루 마운틴 Gr.1 트럼펫 트리 농장																	
										SOLDOUT","150,000원",자메이카,CABROSIA,https://cabrosia.com/39/?idx=406
멕시코 SHG EP 토파치오,"8,900원",멕시코,CABROSIA,https://cabrosia.com/39/?idx=231
"페루 디카페인 CO2 Gr.1																	
										SOLDOUT","12,900원",,CABROSIA,https://cabrosia.com/39/?idx=237
에티오피아 워시드 예가체프 코체레 Gr.1,"14,500원",에티오피아,CABROSIA,https://cabrosia.com/40/?idx=359
에티오피아 워시드 예가체프 코체레 Gr.1 (TAFDAG),"17,100원",에티오피아,CABROSIA,https://cabrosia.com/40/?idx=529
"에티오피아 워시드 예가체프 코체레 Gr.2 (TAFDAG)																	
										BEST","14,500원",에티오피아,CABROSIA,https://cabrosia.com/40/?idx=314
에티오피아 워시드 시다모 Gr.2 (TAFDAG),"11,100원",에티오피아,CABROSIA,https://cabrosia.com/40/?idx=524
에티오피아 내츄럴 시다모 Gr.4 (TAFDAG),"9,100원",에티오피아,CABROSIA,https://cabrosia.com/40/?idx=525
,"16,700원",,CABROSIA,https://cabrosia.com/40/?idx=464
,"20,000원",,CABROSIA,https://cabrosia.com/40/?idx=530
"인도네시아 만델링 하이그레이드 ""메나 골드"" (PT.Musfaha)","11,500원",인도네시아,CABROSIA,https://cabrosia.com/40/?idx=84
인도네시아 자바 잠핏 (PT.Musfaha),"11,500원",인도네시아,CABROSIA,https://cabrosia.com/40/?idx=508
케냐 AA Plus in Ecotact (Ibero Kenya),"16,200원",케냐,CABROSIA,https://cabrosia.com/40/?idx=205
케냐 AA Top 니에리 테캉구 테구,"23,900원",,CABROSIA,https://cabrosia.com/40/?idx=206
케냐 내츄럴 엔데베스,"23,900원",,CABROSIA,https://cabrosia.com/40/?idx=520
베트남 워시드 로부스타 Gr.1 Scr.18 Wet-Polished (DAKMAN),"21,000원",베트남,CABROSIA,https://cabrosia.com/40/?idx=85
인도 몬순 말라바 AA,"34,000원",인도,CABROSIA,https://cabrosia.com/40/?idx=104
"탄자니아 AA Plus 우텐글																	
										SOLDOUT","12,000원",탄자니아,CABROSIA,https://cabrosia.com/40/?idx=228
★ 예멘 모카 마타리,"35,000원",★,CABROSIA,https://cabrosia.com/40/?idx=106
