[과테말라] SHB 스위스 워터 디카페인,17100원,과테말라,GSC,https://www.gsc.coffee/goods/goods_view.php?goodsNo=1000000319
[브라질] NY2 FC 17/18 세하도,9500원,브라질,GSC,https://www.gsc.coffee/goods/goods_view.php?goodsNo=1000000286
[콜롬비아] 수프리모 후일라,11000원,콜롬비아,GSC,https://www.gsc.coffee/goods/goods_view.php?goodsNo=1000000294
[콜롬비아] 수프리모 톨리마,11900원,콜롬비아,GSC,https://www.gsc.coffee/goods/goods_view.php?goodsNo=1000000297
[코스타리카] SHB EP 엘 탄케 옐로우 허니,17300원,코스타리카,GSC,https://www.gsc.coffee/goods/goods_view.php?goodsNo=1000000307
[콜롬비아] 수프리모 나리뇨,13300원,콜롬비아,GSC,https://www.gsc.coffee/goods/goods_view.php?goodsNo=1000000298
[파나마] SHB 산타클라라,14500원,파나마,GSC,https://www.gsc.coffee/goods/goods_view.php?goodsNo=1000000402
[도미니카] A 바라호나,16300원,도미니카,GSC,https://www.gsc.coffee/goods/goods_view.php?goodsNo=1000000371
[온두라스] SHG EP 코판 열대우림동맹인증,11400원,온두라스,GSC,https://www.gsc.coffee/goods/goods_view.php?goodsNo=1000000390
[볼리비아] SHB 카라나비 에스페샬,12100원,볼리비아,GSC,https://www.gsc.coffee/goods/goods_view.php?goodsNo=1000000279
[브라질] NY2 FC 17/18 파젠다 플라나우투 내추럴 BSCA & UTZ Certified,10800원,브라질,GSC,https://www.gsc.coffee/goods/goods_view.php?goodsNo=1000000498
[니카라과] SHG EP,10500원,니카라과,GSC,https://www.gsc.coffee/goods/goods_view.php?goodsNo=1000000326
[브라질] NY2 FC 17/18 엠와이타입,9300원,브라질,GSC,https://www.gsc.coffee/goods/goods_view.php?goodsNo=1000000285
[파나마] SHB 돈안토니오 에스테이트 카투아이 (Grain Pro),23800원,파나마,GSC,https://www.gsc.coffee/goods/goods_view.php?goodsNo=1000000403
[엘살바도르] SHG EP,9800원,엘살바도르,GSC,https://www.gsc.coffee/goods/goods_view.php?goodsNo=1000000386
[과테말라] SHB EP 제뉴인 안티구아 라스 누베스 워시드 (APCA Certified),20900원,과테말라,GSC,https://www.gsc.coffee/goods/goods_view.php?goodsNo=1000000584
[콜롬비아] 수프리모 스위스 워터 디카페인,17100원,콜롬비아,GSC,https://www.gsc.coffee/goods/goods_view.php?goodsNo=1000000293
[브라질] NY2 FC 레드 버번,11900원,브라질,GSC,https://www.gsc.coffee/goods/goods_view.php?goodsNo=1000000603
[파나마] [라 에스메랄다] 다이아몬드 마운틴 내추럴,39000원,파나마,GSC,https://www.gsc.coffee/goods/goods_view.php?goodsNo=1000000606
[과테말라] [라 에르모사] SHB EP 옐로우 버번 내추럴★NEW SALE★,26400원,과테말라,GSC,https://www.gsc.coffee/goods/goods_view.php?goodsNo=1000000577
[콜롬비아] 톨리마 플라나다스 풀리 워시드,13200원,콜롬비아,GSC,https://www.gsc.coffee/goods/goods_view.php?goodsNo=1000000655
[코스타리카] SHB EP 코랄리오 써미컬★SALE★,36000원,코스타리카,GSC,https://www.gsc.coffee/goods/goods_view.php?goodsNo=1000000570
[코스타리카] SHB EP 로스 세드로스 레드 허니,23500원,코스타리카,GSC,https://www.gsc.coffee/goods/goods_view.php?goodsNo=1000000561
[파나마] [라 에스메랄다] 다이아몬드 마운틴 워시드,37500원,파나마,GSC,https://www.gsc.coffee/goods/goods_view.php?goodsNo=1000000607
[코스타리카] SHB EP 코팔치 아나에어로빅 허니★SALE★,36000원,코스타리카,GSC,https://www.gsc.coffee/goods/goods_view.php?goodsNo=1000000568
[과테말라] SHB EP 산타 이레네 파카마라 워시드★SALE★,25500원,과테말라,GSC,https://www.gsc.coffee/goods/goods_view.php?goodsNo=1000000586
[코스타리카] SHB EP 로스 로블레스 아나에어로빅★SALE★,28800원,코스타리카,GSC,https://www.gsc.coffee/goods/goods_view.php?goodsNo=1000000559
[파나마] [Elida Estate] 게이샤 NY 플라노 아나에어로빅 슬로우 드라이 내추럴,249000원,파나마,GSC,https://www.gsc.coffee/goods/goods_view.php?goodsNo=1000000700
[브라질] NY2 FC SC16UP 시티오 프라타 내추럴,10800원,브라질,GSC,https://www.gsc.coffee/goods/goods_view.php?goodsNo=1000000657
[코스타리카] SHB EP 엘 솔 델 에스테 옐로우 허니,16500원,코스타리카,GSC,https://www.gsc.coffee/goods/goods_view.php?goodsNo=1000000306
[브라질] NY2 FC SC16UP 파젠다 카르모 에스테이트 내추럴 BSCA Certified,10400원,브라질,GSC,https://www.gsc.coffee/goods/goods_view.php?goodsNo=1000000658
[코스타리카] SHB EP 라스 로마스 내추럴,23500원,코스타리카,GSC,https://www.gsc.coffee/goods/goods_view.php?goodsNo=1000000560
[엘살바도르] SHG EP 파카마라 핀카 로스 피리네오스 내추럴,25000원,엘살바도르,GSC,https://www.gsc.coffee/goods/goods_view.php?goodsNo=1000000629
[파나마] [코토와] SHB EP 핀카 던칸 에티오피안 와일드 에어룸 슬로우 드라이드,95000원,파나마,GSC,https://www.gsc.coffee/goods/goods_view.php?goodsNo=1000000619
[브라질] NY2/3 스위스 워터 디카페인,15500원,브라질,GSC,https://www.gsc.coffee/goods/goods_view.php?goodsNo=1000000288
[브라질] NY2 17/18 FC 세하도 노바 펄프드 내추럴,9700원,브라질,GSC,https://www.gsc.coffee/goods/goods_view.php?goodsNo=1000000689
[브라질] NY2 FC SC16up 파젠다 파세이오 옐로우 이카투 아나에어로빅 내추럴,17500원,브라질,GSC,https://www.gsc.coffee/goods/goods_view.php?goodsNo=1000000694
[온두라스] SHG EP 핀카 라 핀코나 파카마라 내추럴,17400원,온두라스,GSC,https://www.gsc.coffee/goods/goods_view.php?goodsNo=1000000624
[코스타리카] SHB EP 라 레오나 게이샤 & 케니아 레드 허니,50000원,코스타리카,GSC,https://www.gsc.coffee/goods/goods_view.php?goodsNo=1000000703
[코스타리카] SHB EP 로스 콜파치에스 아나에어로빅 워시드,22000원,코스타리카,GSC,https://www.gsc.coffee/goods/goods_view.php?goodsNo=1000000705
[코스타리카] SHB EP 핀카 피에드라 알타 블랙 허니,28500원,코스타리카,GSC,https://www.gsc.coffee/goods/goods_view.php?goodsNo=1000000315
[코스타리카] SHB EP 가이아 아나에어로빅 내추럴,31000원,코스타리카,GSC,https://www.gsc.coffee/goods/goods_view.php?goodsNo=1000000704
[코스타리카] SHB EP 엘 탄케 아나에어로빅 워시드,23500원,코스타리카,GSC,https://www.gsc.coffee/goods/goods_view.php?goodsNo=1000000702
[파나마] [라 에스메랄다] 랜드레이스 블렌드 워시드,30000원,파나마,GSC,https://www.gsc.coffee/goods/goods_view.php?goodsNo=1000000732
[파나마] [라 에스메랄다] 프라이빗 콜렉션 엘 벨로 게이샤 워시드,109000원,파나마,GSC,https://www.gsc.coffee/goods/goods_view.php?goodsNo=1000000730
[코스타리카] SHB EP 핀카 그라나디야스 아나에어로빅 내추럴,32500원,코스타리카,GSC,https://www.gsc.coffee/goods/goods_view.php?goodsNo=1000000721
[과테말라] [라 에르모사] SHB EP 아카테낭고 마마 카타 워시드★NEW SALE★,15000원,과테말라,GSC,https://www.gsc.coffee/goods/goods_view.php?goodsNo=1000000733
[코스타리카] SHB EP 핀카 피에드라 알타 내추럴,29500원,코스타리카,GSC,https://www.gsc.coffee/goods/goods_view.php?goodsNo=1000000720
[파나마] [라 에스메랄다] 프라이빗 콜렉션 까냐스 베르데스 게이샤 내추럴,159000원,파나마,GSC,https://www.gsc.coffee/goods/goods_view.php?goodsNo=1000000729
[온두라스] SHG EP 핀카 엘 파라이소 파라이네마 워시드,17400원,온두라스,GSC,https://www.gsc.coffee/goods/goods_view.php?goodsNo=1000000724
[과테말라] [라 에르모사] SHB EP 티피카 풀리 워시드★NEW SALE★,17000원,과테말라,GSC,https://www.gsc.coffee/goods/goods_view.php?goodsNo=1000000737
[온두라스] SHG EP 핀카 라스 마리포사스 파라이네마 아나에어로빅 허니,17900원,온두라스,GSC,https://www.gsc.coffee/goods/goods_view.php?goodsNo=1000000723
[파나마] [라 에스메랄다] 스페셜 마리오 4 게이샤 내추럴,289000원,파나마,GSC,https://www.gsc.coffee/goods/goods_view.php?goodsNo=1000000727
[파나마] [라 에스메랄다] 스페셜 친타 4 게이샤 워시드,269000원,파나마,GSC,https://www.gsc.coffee/goods/goods_view.php?goodsNo=1000000728
[과테말라] [라 에르모사] SHB EP 게이샤 & 마라카투라 아나에어로빅 워시드★NEW SALE★,58500원,과테말라,GSC,https://www.gsc.coffee/goods/goods_view.php?goodsNo=1000000736
[과테말라] [라 에르모사] SHB EP 게이샤 & 파카마라 아나에어로빅 내추럴★NEW SALE★,57500원,과테말라,GSC,https://www.gsc.coffee/goods/goods_view.php?goodsNo=1000000735
[과테말라] [라 에르모사] SHB EP 게이샤 아나에어로빅 워시드★NEW SALE★,56500원,과테말라,GSC,https://www.gsc.coffee/goods/goods_view.php?goodsNo=1000000734
[과테말라] SHB EP 제뉴인 안티구아 카페티요 내추럴 (APCA certified),21400원,과테말라,GSC,https://www.gsc.coffee/goods/goods_view.php?goodsNo=1000000739
[과테말라] SHB EP 제뉴인 안티구아 로스 쿠시날레스 내추럴 (APCA Certified),20400원,과테말라,GSC,https://www.gsc.coffee/goods/goods_view.php?goodsNo=1000000740
[말라위] AAA,14400원,말라위,GSC,https://www.gsc.coffee/goods/goods_view.php?goodsNo=1000000376
[탄자니아] 피베리 FAQ,12100원,탄자니아,GSC,https://www.gsc.coffee/goods/goods_view.php?goodsNo=1000000369
[탄자니아] AA FAQ 노스,11000원,탄자니아,GSC,https://www.gsc.coffee/goods/goods_view.php?goodsNo=1000000368
[케냐] 피베리 세렝게티,14700원,케냐,GSC,https://www.gsc.coffee/goods/goods_view.php?goodsNo=1000000359
[에티오피아] G1 구지 우라가 워시드,16900원,에티오피아,GSC,https://www.gsc.coffee/goods/goods_view.php?goodsNo=1000000350
[에티오피아] G1 예가체프 아다도 워시드,15900원,에티오피아,GSC,https://www.gsc.coffee/goods/goods_view.php?goodsNo=1000000349
[에티오피아] G1 예가체프 코체레 첼레렉투 워시드,17500원,에티오피아,GSC,https://www.gsc.coffee/goods/goods_view.php?goodsNo=1000000347
[에티오피아] G1 예가체프 콩가 내추럴,18700원,에티오피아,GSC,https://www.gsc.coffee/goods/goods_view.php?goodsNo=1000000346
[에티오피아] G2 예가체프 아리차 내추럴,14300원,에티오피아,GSC,https://www.gsc.coffee/goods/goods_view.php?goodsNo=1000000342
[에티오피아] G2 예가체프 아리차 워시드,13900원,에티오피아,GSC,https://www.gsc.coffee/goods/goods_view.php?goodsNo=1000000339
[에티오피아] G2 시다모 워시드,10700원,에티오피아,GSC,https://www.gsc.coffee/goods/goods_view.php?goodsNo=1000000333
[에티오피아] G1 예가체프 코체레 워시드,17500원,에티오피아,GSC,https://www.gsc.coffee/goods/goods_view.php?goodsNo=1000000331
[에티오피아] G4 하라 내추럴,15400원,에티오피아,GSC,https://www.gsc.coffee/goods/goods_view.php?goodsNo=1000000330
[에티오피아] G2 예가체프 워시드,11600원,에티오피아,GSC,https://www.gsc.coffee/goods/goods_view.php?goodsNo=1000000329
[에티오피아] G4 시다모 내추럴,8300원,에티오피아,GSC,https://www.gsc.coffee/goods/goods_view.php?goodsNo=1000000327
[에콰도르] SHG SC15up 안데스 마운틴 풀리 워시드,14500원,에콰도르,GSC,https://www.gsc.coffee/goods/goods_view.php?goodsNo=1000000710
[에콰도르] SHG SC15up 갈라파고스 아일랜드 볼카닉 풀리 워시드,31000원,에콰도르,GSC,https://www.gsc.coffee/goods/goods_view.php?goodsNo=1000000708
[코스타리카] SHB EP 라 로사 워시드,15300원,코스타리카,GSC,https://www.gsc.coffee/goods/goods_view.php?goodsNo=1000000312
[콜롬비아] 수프리모 발레나토 열대우림동맹인증,12800원,콜롬비아,GSC,https://www.gsc.coffee/goods/goods_view.php?goodsNo=1000000296
[과테말라] SHB EP 라 에르모사 게이샤 아나에어로빅 풀리 워시드★SALE★,55000원,과테말라,GSC,https://www.gsc.coffee/goods/goods_view.php?goodsNo=1000000578
[파나마] [새비지 옥션 2020] 핀카 데보라 오쿨루스 게이샤 와인 배럴 에이지드★SALE★,300000원,파나마,GSC,https://www.gsc.coffee/goods/goods_view.php?goodsNo=1000000602
[파나마] [새비지 옥션 2020] 핀카 데보라 일루미내이션 게이샤 카보닉 매서레이티드 워시드★SALE★,310000원,파나마,GSC,https://www.gsc.coffee/goods/goods_view.php?goodsNo=1000000604
[코스타리카] SHB EP 따라주,11500원,코스타리카,GSC,https://www.gsc.coffee/goods/goods_view.php?goodsNo=1000000305
[과테말라] [산타 펠리사] SHB EP 블루 다이아몬드 풀리 워시드,15000원,과테말라,GSC,https://www.gsc.coffee/goods/goods_view.php?goodsNo=1000000320
[과테말라] [산타 펠리사] SHB EP 블루 다이아몬드 내추럴,17000원,과테말라,GSC,https://www.gsc.coffee/goods/goods_view.php?goodsNo=1000000701
[콜롬비아] 수프리모 후일라 피탈리토,12800원,콜롬비아,GSC,https://www.gsc.coffee/goods/goods_view.php?goodsNo=1000000292
[브라질] NY2 FC 17/18 세하도 램프,10200원,브라질,GSC,https://www.gsc.coffee/goods/goods_view.php?goodsNo=1000000280
[브라질] NY2 FC 옐로우 버번,10800원,브라질,GSC,https://www.gsc.coffee/goods/goods_view.php?goodsNo=1000000287
[콜롬비아] 핀카 부에노스 아이레스 카스티요 더블 아나에어로빅 내추럴★한정세일★,25000원,콜롬비아,GSC,https://www.gsc.coffee/goods/goods_view.php?goodsNo=1000000543
[콜롬비아] 핀카 비야라소 핑크 버번 더블 아나에어로빅 내추럴,54000원,콜롬비아,GSC,https://www.gsc.coffee/goods/goods_view.php?goodsNo=1000000541
[콜롬비아] 핀카 비야 베툴리아 핑크 버번 아나에어로빅 워시드,34000원,콜롬비아,GSC,https://www.gsc.coffee/goods/goods_view.php?goodsNo=1000000685
[콜롬비아] 핀카 라 레오나 카스티요 아나에어로빅 내추럴 (만다린),45000원,콜롬비아,GSC,https://www.gsc.coffee/goods/goods_view.php?goodsNo=1000000681
[과테말라] SHB 안티구아,11800원,과테말라,GSC,https://www.gsc.coffee/goods/goods_view.php?goodsNo=1000000318
[브라질] NY2 FC 16up 옐로우 버번 파젠다 산타 알리나 펄프드 내추럴,11000원,브라질,GSC,https://www.gsc.coffee/goods/goods_view.php?goodsNo=1000000497
[페루] SHB EP 찬차마요,12000원,페루,GSC,https://www.gsc.coffee/goods/goods_view.php?goodsNo=1000000377
[과테말라] SHB 후에후에테낭고,10800원,과테말라,GSC,https://www.gsc.coffee/goods/goods_view.php?goodsNo=1000000317
[콜롬비아] 수프리모 메델린,11000원,콜롬비아,GSC,https://www.gsc.coffee/goods/goods_view.php?goodsNo=1000000295
[브라질] NY2 FC 17/18 모지아나,9700원,브라질,GSC,https://www.gsc.coffee/goods/goods_view.php?goodsNo=1000000284
[멕시코] SHG 알투라 핀카 몬테그란데,11400원,멕시코,GSC,https://www.gsc.coffee/goods/goods_view.php?goodsNo=1000000500
[에티오피아] G1 예가체프 첼바 내추럴,18400원,에티오피아,GSC,https://www.gsc.coffee/goods/goods_view.php?goodsNo=1000000337
[케냐] AA TOP 키린야가 카리아,23600원,케냐,GSC,https://www.gsc.coffee/goods/goods_view.php?goodsNo=1000000573
[에티오피아] G2 시다모 다라 워시드,12900원,에티오피아,GSC,https://www.gsc.coffee/goods/goods_view.php?goodsNo=1000000714
[에티오피아] G2 구지 케르차 워시드,13900원,에티오피아,GSC,https://www.gsc.coffee/goods/goods_view.php?goodsNo=1000000699
[에티오피아] G2 구지 케르차 내추럴,14300원,에티오피아,GSC,https://www.gsc.coffee/goods/goods_view.php?goodsNo=1000000650
[케냐] AA FAQ,15100원,케냐,GSC,https://www.gsc.coffee/goods/goods_view.php?goodsNo=1000000360
[케냐] AA 마사이,17400원,케냐,GSC,https://www.gsc.coffee/goods/goods_view.php?goodsNo=1000000361
[에티오피아] G2 예가체프 코체레 워시드,13200원,에티오피아,GSC,https://www.gsc.coffee/goods/goods_view.php?goodsNo=1000000328
[에티오피아] G1 벤치 마지 모리타 팜 워시드,17900원,에티오피아,GSC,https://www.gsc.coffee/goods/goods_view.php?goodsNo=1000000713
[에티오피아] G1 예가체프 겔라나 아바야 워시드,18900원,에티오피아,GSC,https://www.gsc.coffee/goods/goods_view.php?goodsNo=1000000712
[에티오피아] [프라이드 오브 게샤 옥션 2021] G1 일루바볼 포레스트 게이리 내추럴,115000원,에티오피아,GSC,https://www.gsc.coffee/goods/goods_view.php?goodsNo=1000000711
[케냐] AA TOP 무랑가 칸기리,22500원,케냐,GSC,https://www.gsc.coffee/goods/goods_view.php?goodsNo=1000000695
[케냐] AA FAQ 니에리 지아칸자,18900원,케냐,GSC,https://www.gsc.coffee/goods/goods_view.php?goodsNo=1000000591
[케냐] PB TOP 키린야가 카리아,19800원,케냐,GSC,https://www.gsc.coffee/goods/goods_view.php?goodsNo=1000000575
[에티오피아] G1 단세 모모라 내추럴,18900원,에티오피아,GSC,https://www.gsc.coffee/goods/goods_view.php?goodsNo=1000000553
[에티오피아] G1 예가체프 코체레 리그레코 스펙 내추럴,19400원,에티오피아,GSC,https://www.gsc.coffee/goods/goods_view.php?goodsNo=1000000552
[에티오피아] G2 예가체프 두메르소 워시드 (Grain pro),15400원,에티오피아,GSC,https://www.gsc.coffee/goods/goods_view.php?goodsNo=1000000547
[에티오피아] G1 예가체프 코케 허니 내추럴,16800원,에티오피아,GSC,https://www.gsc.coffee/goods/goods_view.php?goodsNo=1000000545
[에티오피아] G1 예가체프 반코 고티티 워시드,16400원,에티오피아,GSC,https://www.gsc.coffee/goods/goods_view.php?goodsNo=1000000532
[에티오피아] G1 구지 우라가 내추럴,17600원,에티오피아,GSC,https://www.gsc.coffee/goods/goods_view.php?goodsNo=1000000531
[에티오피아] G1 예가체프 아다도 내추럴,18900원,에티오피아,GSC,https://www.gsc.coffee/goods/goods_view.php?goodsNo=1000000530
[탄자니아] AA FAQ 노스 킬리만자로 맘세라,11100원,탄자니아,GSC,https://www.gsc.coffee/goods/goods_view.php?goodsNo=1000000499
[부룬디] 은고지 무부가 A 풀리 워시드,12000원,부룬디,GSC,https://www.gsc.coffee/goods/goods_view.php?goodsNo=1000000468
[르완다] AB 이심비 풀리 워시드,11200원,르완다,GSC,https://www.gsc.coffee/goods/goods_view.php?goodsNo=1000000379
[인도] 예르카두 ERG 아나에어로빅 내추럴,27500원,인도,GSC,https://www.gsc.coffee/goods/goods_view.php?goodsNo=1000000590
[인도네시아] G1 만델링 가요마운틴 다링,15500원,인도네시아,GSC,https://www.gsc.coffee/goods/goods_view.php?goodsNo=1000000687
[파푸아 뉴기니] A 시그리 지와카 풀리 워시드,14800원,파푸아뉴기니,GSC,https://www.gsc.coffee/goods/goods_view.php?goodsNo=1000000625
[하와이] 엑스트라 팬시 코나 코나힐즈 팜,149500원,하와이,GSC,https://www.gsc.coffee/goods/goods_view.php?goodsNo=1000000537
[인도네시아] G1 만델링 TP 바투,13400원,인도네시아,GSC,https://www.gsc.coffee/goods/goods_view.php?goodsNo=1000000399
[인도네시아] G1 만델링,12800원,인도네시아,GSC,https://www.gsc.coffee/goods/goods_view.php?goodsNo=1000000398
[인도네시아] G1 만델링 가요마운틴 위 페삼,13800원,인도네시아,GSC,https://www.gsc.coffee/goods/goods_view.php?goodsNo=1000000397
[베트남] 로부스타 G1 폴리쉬드,5800원,베트남,GSC,https://www.gsc.coffee/goods/goods_view.php?goodsNo=1000000384
[베트남] 로부스타 G1 사이공 하마 웻 폴리쉬드,6600원,베트남,GSC,https://www.gsc.coffee/goods/goods_view.php?goodsNo=1000000383
[인도] 로부스타 A 카피 로얄,7500원,인도,GSC,https://www.gsc.coffee/goods/goods_view.php?goodsNo=1000000382
[예멘] 모카 마타리 알 함다니,39600원,예멘,GSC,https://www.gsc.coffee/goods/goods_view.php?goodsNo=1000000380
[과테말라] SHB 스위스 워터 디카페인,17100원,과테말라,GSC,https://www.gsc.coffee/goods/goods_view.php?goodsNo=1000000319
[콜롬비아] 수프리모 스위스 워터 디카페인,17100원,콜롬비아,GSC,https://www.gsc.coffee/goods/goods_view.php?goodsNo=1000000293
[브라질] NY2/3 스위스 워터 디카페인,15500원,브라질,GSC,https://www.gsc.coffee/goods/goods_view.php?goodsNo=1000000288
