콜롬비아 하와이 모카 내추럴,87000원,콜롬비아,MI Coffee,https://www.micoffee.co.kr/goods/goods_view.php?goodsNo=1000003092
콜롬비아 라스 마가리타스 수단 루메 내추럴,170000원,콜롬비아,MI Coffee,https://www.micoffee.co.kr/goods/goods_view.php?goodsNo=1000003091
콜롬비아 포토시 시드라 내추럴,190000원,콜롬비아,MI Coffee,https://www.micoffee.co.kr/goods/goods_view.php?goodsNo=1000003090
콜롬비아 라 에스페란자 라우리나 내추럴,99000원,콜롬비아,MI Coffee,https://www.micoffee.co.kr/goods/goods_view.php?goodsNo=1000003097
콜롬비아 라스 마가리타스 게이샤 언에어로빅 내추럴,134000원,콜롬비아,MI Coffee,https://www.micoffee.co.kr/goods/goods_view.php?goodsNo=1000003096
콜롬비아 라 에스페란자 부에노스 아이레스 게이샤 워시드,50000원,콜롬비아,MI Coffee,https://www.micoffee.co.kr/goods/goods_view.php?goodsNo=1000003095
콜롬비아 라 에스페란자 만델라 내추럴,31000원,콜롬비아,MI Coffee,https://www.micoffee.co.kr/goods/goods_view.php?goodsNo=1000003094
콜롬비아 포토시 트레스 드래곤즈 콜롬비아 내추럴,29000원,콜롬비아,MI Coffee,https://www.micoffee.co.kr/goods/goods_view.php?goodsNo=1000003093
콜롬비아 수프리모 17/18,9500원,콜롬비아,MI Coffee,https://www.micoffee.co.kr/goods/goods_view.php?goodsNo=1000003099
콜롬비아 수프리모 후일라,11300원,콜롬비아,MI Coffee,https://www.micoffee.co.kr/goods/goods_view.php?goodsNo=1000000723
콜롬비아 무헤레스 톨리마 워시드,12900원,콜롬비아,MI Coffee,https://www.micoffee.co.kr/goods/goods_view.php?goodsNo=1000001932
브라질 세하도 17/18 NY2 FC,8900원,브라질,MI Coffee,https://www.micoffee.co.kr/goods/goods_view.php?goodsNo=1000000727
콜롬비아 안티오키아 라 수이사,12900원,콜롬비아,MI Coffee,https://www.micoffee.co.kr/goods/goods_view.php?goodsNo=1000001152
콜롬비아 엑셀소 디카페인,15000원,콜롬비아,MI Coffee,https://www.micoffee.co.kr/goods/goods_view.php?goodsNo=1000001405
콜롬비아 산타 마리아 우쉬 우쉬 허니,49500원,콜롬비아,MI Coffee,https://www.micoffee.co.kr/goods/goods_view.php?goodsNo=1000002999
콜롬비아 로스 트레스 모스케테로스 치로소,31500원,콜롬비아,MI Coffee,https://www.micoffee.co.kr/goods/goods_view.php?goodsNo=1000002945
콜롬비아 로스 팔로모스 치로소,21500원,콜롬비아,MI Coffee,https://www.micoffee.co.kr/goods/goods_view.php?goodsNo=1000002944
콜롬비아 엘 아구아카테 콜롬비아,17500원,콜롬비아,MI Coffee,https://www.micoffee.co.kr/goods/goods_view.php?goodsNo=1000002940
콜롬비아 피에드라 그란데 버번,18500원,콜롬비아,MI Coffee,https://www.micoffee.co.kr/goods/goods_view.php?goodsNo=1000002939
브라질 레크레이오 내추럴,11000원,브라질,MI Coffee,https://www.micoffee.co.kr/goods/goods_view.php?goodsNo=1000002674
브라질 산타이네스 내추럴,12000원,브라질,MI Coffee,https://www.micoffee.co.kr/goods/goods_view.php?goodsNo=1000001910
브라질 산타루시아 내추럴,10700원,브라질,MI Coffee,https://www.micoffee.co.kr/goods/goods_view.php?goodsNo=1000000745
콜롬비아 티마나 후일라 셀렉션,11500원,콜롬비아,MI Coffee,https://www.micoffee.co.kr/goods/goods_view.php?goodsNo=1000000731
브라질 산타이네스 펄프드 내추럴,12500원,브라질,MI Coffee,https://www.micoffee.co.kr/goods/goods_view.php?goodsNo=1000000721
브라질 산타루시아 펄프드 내추럴,10200원,브라질,MI Coffee,https://www.micoffee.co.kr/goods/goods_view.php?goodsNo=1000000720
과테말라 엘 소코로 산 로렌조,13000원,과테말라,MI Coffee,https://www.micoffee.co.kr/goods/goods_view.php?goodsNo=1000000748
코스타리카 아길레라 브라더스 토뇨 비야사치 내추럴,21500원,코스타리카,MI Coffee,https://www.micoffee.co.kr/goods/goods_view.php?goodsNo=1000002866
코스타리카 라데라스 델 아구아카테 케냐 레드 허니,22000원,코스타리카,MI Coffee,https://www.micoffee.co.kr/goods/goods_view.php?goodsNo=1000002865
코스타리카 볼칸 아술 카투라 내추럴 더블 퍼먼테이션,41500원,코스타리카,MI Coffee,https://www.micoffee.co.kr/goods/goods_view.php?goodsNo=1000002863
코스타리카 따라주로스 두퀘스 SHB EP,12500원,코스타리카,MI Coffee,https://www.micoffee.co.kr/goods/goods_view.php?goodsNo=1000002107
과테말라 엘 인헤르또 게이샤 워시드,107000원,과테말라,MI Coffee,https://www.micoffee.co.kr/goods/goods_view.php?goodsNo=1000003103
과테말라 엘 인헤르또 파카마라 워시드,56000원,과테말라,MI Coffee,https://www.micoffee.co.kr/goods/goods_view.php?goodsNo=1000003102
온두라스 라 구아라 로하 파라이네마,12000원,온두라스,MI Coffee,https://www.micoffee.co.kr/goods/goods_view.php?goodsNo=1000003100
니카라과 산타 루실라 몬테 크리스토 카투라 버번 허니,19500원,니카라과,MI Coffee,https://www.micoffee.co.kr/goods/goods_view.php?goodsNo=1000003089
니카라과 산타 루실라 라 에스파놀라 비야사치 허니,17500원,니카라과,MI Coffee,https://www.micoffee.co.kr/goods/goods_view.php?goodsNo=1000003088
니카라과 산타 루실라 로스 힐게로스 버번 워시드,17000원,니카라과,MI Coffee,https://www.micoffee.co.kr/goods/goods_view.php?goodsNo=1000003087
니카라과 산타 루실라 라 에스파놀라 파라이네마 워시드,18000원,니카라과,MI Coffee,https://www.micoffee.co.kr/goods/goods_view.php?goodsNo=1000003086
온두라스 코마야구아 SHG EP 워시드,8700원,온두라스,MI Coffee,https://www.micoffee.co.kr/goods/goods_view.php?goodsNo=1000003074
온두라스 라 모라 카투아이 워시드,11000원,온두라스,MI Coffee,https://www.micoffee.co.kr/goods/goods_view.php?goodsNo=1000003073
온두라스 라 까사 카투아이 워시드,11000원,온두라스,MI Coffee,https://www.micoffee.co.kr/goods/goods_view.php?goodsNo=1000003072
엘살바도르 라스 메르세데스 타블론 엘 호코테 옐로우 이카투 허니,16500원,엘살바도르,MI Coffee,https://www.micoffee.co.kr/goods/goods_view.php?goodsNo=1000003071
엘살바도르 엘 고비아도 오렌지 버번,15000원,엘살바도르,MI Coffee,https://www.micoffee.co.kr/goods/goods_view.php?goodsNo=1000003070
엘살바도르 엘 고비아도 오렌지 버번 내추럴,16000원,엘살바도르,MI Coffee,https://www.micoffee.co.kr/goods/goods_view.php?goodsNo=1000003069
엘살바도르 피에몬테 밀레니엄,15000원,엘살바도르,MI Coffee,https://www.micoffee.co.kr/goods/goods_view.php?goodsNo=1000003068
엘살바도르 파카스 라 에스페란자 파카마라 플러스,15500원,엘살바도르,MI Coffee,https://www.micoffee.co.kr/goods/goods_view.php?goodsNo=1000003067
엘살바도르 엘 보르보욘 산타 마리아 레드 버번 내추럴,14000원,엘살바도르,MI Coffee,https://www.micoffee.co.kr/goods/goods_view.php?goodsNo=1000003066
파나마 페리엔 돈 길 파카마라 워시드,27500원,파나마,MI Coffee,https://www.micoffee.co.kr/goods/goods_view.php?goodsNo=1000003064
파나마 레리다 카투아이 내추럴,22000원,파나마,MI Coffee,https://www.micoffee.co.kr/goods/goods_view.php?goodsNo=1000003063
파나마 페리엔 호카 카투아이 워시드,17500원,파나마,MI Coffee,https://www.micoffee.co.kr/goods/goods_view.php?goodsNo=1000003062
파나마 레리다 게이샤 내추럴,39000원,파나마,MI Coffee,https://www.micoffee.co.kr/goods/goods_view.php?goodsNo=1000003038
파나마 라 에스메랄다 마리오 3SN 게이샤 내추럴,240000원,파나마,MI Coffee,https://www.micoffee.co.kr/goods/goods_view.php?goodsNo=1000003034
멕시코 산추아리오 익스후아틀란 버번 센테니얼 퍼플 허니,50500원,멕시코,MI Coffee,https://www.micoffee.co.kr/goods/goods_view.php?goodsNo=1000003017
과테말라 SHB EP,9500원,과테말라,MI Coffee,https://www.micoffee.co.kr/goods/goods_view.php?goodsNo=1000002956
코스타리카 몬타냐 구아달루페 카투라 카투아이 내추럴,22000원,코스타리카,MI Coffee,https://www.micoffee.co.kr/goods/goods_view.php?goodsNo=1000002860
과테말라 엘 소코로 마라카투라,24500원,과테말라,MI Coffee,https://www.micoffee.co.kr/goods/goods_view.php?goodsNo=1000002809
과테말라 엘 소코로 레드 카투라,18500원,과테말라,MI Coffee,https://www.micoffee.co.kr/goods/goods_view.php?goodsNo=1000002808
과테말라 엘 소코로 옐로우 카투라,18500원,과테말라,MI Coffee,https://www.micoffee.co.kr/goods/goods_view.php?goodsNo=1000002806
과테말라 엘 소코로 레드 버번,19000원,과테말라,MI Coffee,https://www.micoffee.co.kr/goods/goods_view.php?goodsNo=1000000744
과테말라 안티구아 파노라마 SHB EP,11800원,과테말라,MI Coffee,https://www.micoffee.co.kr/goods/goods_view.php?goodsNo=1000000725
에티오피아 예가체프 G1 아리차 내추럴,18500원,에티오피아,MI Coffee,https://www.micoffee.co.kr/goods/goods_view.php?goodsNo=1000002788
에티오피아 예가체프 G1 코케 워시드,18000원,에티오피아,MI Coffee,https://www.micoffee.co.kr/goods/goods_view.php?goodsNo=1000002960
에티오피아 예가체프 G1 콩가 아메데라로 내추럴,19500원,에티오피아,MI Coffee,https://www.micoffee.co.kr/goods/goods_view.php?goodsNo=1000002959
에티오피아 예가체프 G1 코케 내추럴,18500원,에티오피아,MI Coffee,https://www.micoffee.co.kr/goods/goods_view.php?goodsNo=1000002958
에티오피아 예가체프 G1 레코 워시드,18000원,에티오피아,MI Coffee,https://www.micoffee.co.kr/goods/goods_view.php?goodsNo=1000002804
에티오피아 예가체프 G1 반코 고티티 워시드,18500원,에티오피아,MI Coffee,https://www.micoffee.co.kr/goods/goods_view.php?goodsNo=1000002803
에티오피아 예가체프 G1 할로 베리티 워시드,18500원,에티오피아,MI Coffee,https://www.micoffee.co.kr/goods/goods_view.php?goodsNo=1000002802
에티오피아 구지 G1 기게사 워시드,18500원,에티오피아,MI Coffee,https://www.micoffee.co.kr/goods/goods_view.php?goodsNo=1000002800
에티오피아 예가체프 G1 할로 베리티 내추럴,18500원,에티오피아,MI Coffee,https://www.micoffee.co.kr/goods/goods_view.php?goodsNo=1000002790
에티오피아 예가체프 G1 레코 내추럴,18500원,에티오피아,MI Coffee,https://www.micoffee.co.kr/goods/goods_view.php?goodsNo=1000002789
콜롬비아 라스 마가리타스 게이샤 언에어로빅 내추럴,134000원,콜롬비아,MI Coffee,https://www.micoffee.co.kr/goods/goods_view.php?goodsNo=1000003096
콜롬비아 라스 마가리타스 수단 루메 내추럴,170000원,콜롬비아,MI Coffee,https://www.micoffee.co.kr/goods/goods_view.php?goodsNo=1000003091
에티오피아 시다모 G2,10700원,에티오피아,MI Coffee,https://www.micoffee.co.kr/goods/goods_view.php?goodsNo=1000000728
에티오피아 시다모 G4,8400원,에티오피아,MI Coffee,https://www.micoffee.co.kr/goods/goods_view.php?goodsNo=1000001858
케냐 기체로리 AB TOP,21000원,케냐,MI Coffee,https://www.micoffee.co.kr/goods/goods_view.php?goodsNo=1000002752
에티오피아 예가체프 G2 코체레,13400원,에티오피아,MI Coffee,https://www.micoffee.co.kr/goods/goods_view.php?goodsNo=1000002108
에티오피아 예가체프 G1 아다도 내추럴,18500원,에티오피아,MI Coffee,https://www.micoffee.co.kr/goods/goods_view.php?goodsNo=1000002101
탄자니아 노스 AA,10500원,탄자니아,MI Coffee,https://www.micoffee.co.kr/goods/goods_view.php?goodsNo=1000001862
케냐 니에리 레드 마운틴 AA,18000원,케냐,MI Coffee,https://www.micoffee.co.kr/goods/goods_view.php?goodsNo=1000001732
케냐 AA,15000원,케냐,MI Coffee,https://www.micoffee.co.kr/goods/goods_view.php?goodsNo=1000000750
인도네시아 만델링 G1,13400원,인도네시아,MI Coffee,https://www.micoffee.co.kr/goods/goods_view.php?goodsNo=1000003101
베트남 로부스타 G1,5500원,베트남,MI Coffee,https://www.micoffee.co.kr/goods/goods_view.php?goodsNo=1000002505
인도 카라디칸 로부스타,9000원,인도,MI Coffee,https://www.micoffee.co.kr/goods/goods_view.php?goodsNo=1000002301
파푸아뉴기니 쿠아마운틴,12900원,파푸아뉴기니,MI Coffee,https://www.micoffee.co.kr/goods/goods_view.php?goodsNo=1000000726
인도 카피로얄 AA,7800원,인도,MI Coffee,https://www.micoffee.co.kr/goods/goods_view.php?goodsNo=1000000724
과테말라 엘 인헤르또 게이샤 워시드,107000원,과테말라,MI Coffee,https://www.micoffee.co.kr/goods/goods_view.php?goodsNo=1000003103
과테말라 엘 인헤르또 파카마라 워시드,56000원,과테말라,MI Coffee,https://www.micoffee.co.kr/goods/goods_view.php?goodsNo=1000003102
