에티오피아 예가체프 마샤 내추럴 G1 스페셜티,15700원,에티오피아,Rehm Coffee,http://www.rehmcoffee.co.kr/product/ethiopiayirgacheffe-masha-natural-g1-specialty-%EC%97%90%ED%8B%B0%EC%98%A4%ED%94%BC%EC%95%84-%EC%98%88%EA%B0%80%EC%B2%B4%ED%94%84-%EB%A7%88%EC%83%A4-%EB%82%B4%EC%B6%94%EB%9F%B4-g1-%EC%8A%A4%ED%8E%98/1505/category/43/display/1/
케냐 AA TOP 키안지루 Micro-Lot,24300원,케냐,Rehm Coffee,http://www.rehmcoffee.co.kr/product/kenya-aa-top-kianjiru-micro-lot-%EC%BC%80%EB%83%90-aa-top-%ED%82%A4%EC%95%88%EC%A7%80%EB%A3%A8-micro-lot/1469/category/43/display/1/
에티오피아 예가체프 콩가 내추럴 G1 스페셜티,18500원,에티오피아,Rehm Coffee,http://www.rehmcoffee.co.kr/product/ethiopiayirgacheffe-konga-natural-g1-specialty-%EC%97%90%ED%8B%B0%EC%98%A4%ED%94%BC%EC%95%84-%EC%98%88%EA%B0%80%EC%B2%B4%ED%94%84-%EC%BD%A9%EA%B0%80-%EB%82%B4%EC%B6%94%EB%9F%B4-g1-%EC%8A%A4%ED%8E%98/1310/category/43/display/1/
에티오피아 예가체프 워르카 내추럴 G1 스페셜티,18500원,에티오피아,Rehm Coffee,http://www.rehmcoffee.co.kr/product/ethiopiayirgacheffe-worka-natural-g1-specialty-%EC%97%90%ED%8B%B0%EC%98%A4%ED%94%BC%EC%95%84-%EC%98%88%EA%B0%80%EC%B2%B4%ED%94%84-%EC%9B%8C%EB%A5%B4%EC%B9%B4-%EB%82%B4%EC%B6%94%EB%9F%B4-g1-%EC%8A%A4/1309/category/43/display/1/
예가체프 코케 케벨레 G1 워시드,14700원,예가체프,Rehm Coffee,http://www.rehmcoffee.co.kr/product/ethiopiayirgacheffe-koke-kebele-g1-washed%EC%98%88%EA%B0%80%EC%B2%B4%ED%94%84-%EC%BD%94%EC%BC%80-%EC%BC%80%EB%B2%A8%EB%A0%88-g1-%EC%9B%8C%EC%8B%9C%EB%93%9C/1304/category/43/display/1/
탄자니아 카라투 스페셜티 응고롱고로,10700원,탄자니아,Rehm Coffee,http://www.rehmcoffee.co.kr/product/tanzania-aa-karatu-specialty-ngorongoro-%ED%83%84%EC%9E%90%EB%8B%88%EC%95%84-%EC%B9%B4%EB%9D%BC%ED%88%AC-%EC%8A%A4%ED%8E%98%EC%85%9C%ED%8B%B0-%EC%9D%91%EA%B3%A0%EB%A1%B1%EA%B3%A0%EB%A1%9C/1039/category/43/display/1/
에티오피아 예가체프 게뎁 내추럴 G1 스페셜티,18300원,에티오피아,Rehm Coffee,http://www.rehmcoffee.co.kr/product/ethiopiayirgacheffe-gedeb-natural-g1-specialty-%EC%97%90%ED%8B%B0%EC%98%A4%ED%94%BC%EC%95%84-%EC%98%88%EA%B0%80%EC%B2%B4%ED%94%84-%EA%B2%8C%EB%8E%81-%EB%82%B4%EC%B6%94%EB%9F%B4-g1-%EC%8A%A4%ED%8E%98/690/category/43/display/1/
에티오피아 구지 함벨라 내추럴 G1 스페셜티,17500원,에티오피아,Rehm Coffee,http://www.rehmcoffee.co.kr/product/ethiopiaguji-hambela-natural-g1-specialty-%EC%97%90%ED%8B%B0%EC%98%A4%ED%94%BC%EC%95%84-%EA%B5%AC%EC%A7%80-%ED%95%A8%EB%B2%A8%EB%9D%BC-%EB%82%B4%EC%B6%94%EB%9F%B4-g1-%EC%8A%A4%ED%8E%98%EC%85%9C%ED%8B%B0/691/category/43/display/1/
케냐 AA TOP 구아마 Micro-Lot,23500원,케냐,Rehm Coffee,http://www.rehmcoffee.co.kr/product/kenya-aa-top-guama-micro-lot-%EC%BC%80%EB%83%90-aa-top-%EA%B5%AC%EC%95%84%EB%A7%88-micro-lot/686/category/43/display/1/
에티오피아 예가체프 코체레 내추럴 G3,11500원,에티오피아,Rehm Coffee,http://www.rehmcoffee.co.kr/product/ethiopia-yirgacheffe-kochere-natural-g3-%EC%97%90%ED%8B%B0%EC%98%A4%ED%94%BC%EC%95%84-%EC%98%88%EA%B0%80%EC%B2%B4%ED%94%84-%EC%BD%94%EC%B2%B4%EB%A0%88-%EB%82%B4%EC%B6%94%EB%9F%B4-g3/663/category/43/display/1/
케냐 AA TOP 무칸구 Micro-Lot,22900원,케냐,Rehm Coffee,http://www.rehmcoffee.co.kr/product/kenya-aa-top-mukangu-micro-lot-%EC%BC%80%EB%83%90-aa-top-%EB%AC%B4%EC%B9%B8%EA%B5%AC-micro-lot/491/category/43/display/1/
케냐 AA Plus 오타야,18000원,케냐,Rehm Coffee,http://www.rehmcoffee.co.kr/product/kenya-aa-plus-othaya-%EC%BC%80%EB%83%90-aa-plus-%EC%98%A4%ED%83%80%EC%95%BC/452/category/43/display/1/
워리츄 와추 내추럴 G1 스페셜티,18000원,워리츄,Rehm Coffee,http://www.rehmcoffee.co.kr/product/ethiopiawolichu-wachu-natural-g1-specialty-%EC%9B%8C%EB%A6%AC%EC%B8%84-%EC%99%80%EC%B6%94-%EB%82%B4%EC%B6%94%EB%9F%B4-g1-%EC%8A%A4%ED%8E%98%EC%85%9C%ED%8B%B0/350/category/43/display/1/
구지 모모라 내추럴 G1 스페셜티,17200원,구지,Rehm Coffee,http://www.rehmcoffee.co.kr/product/ethiopiaguji-mormora-natural-g1-specialty-%EA%B5%AC%EC%A7%80-%EB%AA%A8%EB%AA%A8%EB%9D%BC-%EB%82%B4%EC%B6%94%EB%9F%B4-g1-%EC%8A%A4%ED%8E%98%EC%85%9C%ED%8B%B0/349/category/43/display/1/
에티오피아 구지 사키소 내추럴 G1,15900원,에티오피아,Rehm Coffee,http://www.rehmcoffee.co.kr/product/ethiopia-guji-shakiso-g1-natural-specialty-%EC%97%90%ED%8B%B0%EC%98%A4%ED%94%BC%EC%95%84-%EA%B5%AC%EC%A7%80-%EC%82%AC%ED%82%A4%EC%86%8C-%EB%82%B4%EC%B6%94%EB%9F%B4-g1/189/category/43/display/1/
케냐 AB 니에리,12300원,케냐,Rehm Coffee,http://www.rehmcoffee.co.kr/product/kenya-ab-nyeri-%EC%BC%80%EB%83%90-ab-%EB%8B%88%EC%97%90%EB%A6%AC/116/category/43/display/1/
에티오피아 예가체프 G1 코체레 워시드,14800원,에티오피아,Rehm Coffee,http://www.rehmcoffee.co.kr/product/ethiopia-yirgacheffe-g1-kochere-washed-%EC%97%90%ED%8B%B0%EC%98%A4%ED%94%BC%EC%95%84-%EC%98%88%EA%B0%80%EC%B2%B4%ED%94%84-g1-%EC%BD%94%EC%B2%B4%EB%A0%88-%EC%9B%8C%EC%8B%9C%EB%93%9C/115/category/43/display/1/
에티오피아 예가체프 코케 허니 내추럴 G1,16200원,에티오피아,Rehm Coffee,http://www.rehmcoffee.co.kr/product/ethiopia-yirgacheffe-g1-koke-honey-natural-%EC%97%90%ED%8B%B0%EC%98%A4%ED%94%BC%EC%95%84-%EC%98%88%EA%B0%80%EC%B2%B4%ED%94%84-%EC%BD%94%EC%BC%80-%ED%97%88%EB%8B%88-%EB%82%B4%EC%B6%94%EB%9F%B4-g1/114/category/43/display/1/
케냐 피베리 Plus 오타야,15000원,케냐,Rehm Coffee,http://www.rehmcoffee.co.kr/product/kenya-peaberry-plus-othaya-%EC%BC%80%EB%83%90-%ED%94%BC%EB%B2%A0%EB%A6%AC-plus-%EC%98%A4%ED%83%80%EC%95%BC/112/category/43/display/1/
브룬디 AA 스페셜티 뭉카제,14500원,브룬디,Rehm Coffee,http://www.rehmcoffee.co.kr/product/burundi-aa-specialty-munkaze%EB%B8%8C%EB%A3%AC%EB%94%94-aa-%EC%8A%A4%ED%8E%98%EC%85%9C%ED%8B%B0-%EB%AD%89%EC%B9%B4%EC%A0%9C/100/category/43/display/1/
케냐 AA 니에리,15000원,케냐,Rehm Coffee,http://www.rehmcoffee.co.kr/product/kenya-aa-nyeri-%EC%BC%80%EB%83%90-aa-%EB%8B%88%EC%97%90%EB%A6%AC/53/category/43/display/1/
에티오피아 예가체프 G2 프리미엄,11000원,에티오피아,Rehm Coffee,http://www.rehmcoffee.co.kr/product/ethiopia-yirgacheffe-g2-premium-%EC%97%90%ED%8B%B0%EC%98%A4%ED%94%BC%EC%95%84-%EC%98%88%EA%B0%80%EC%B2%B4%ED%94%84-g2-%ED%94%84%EB%A6%AC%EB%AF%B8%EC%97%84/48/category/43/display/1/
에티오피아 시다모 G2 아이다,10300원,에티오피아,Rehm Coffee,http://www.rehmcoffee.co.kr/product/ethiopia-sidamo-g2-aida-%EC%97%90%ED%8B%B0%EC%98%A4%ED%94%BC%EC%95%84-%EC%8B%9C%EB%8B%A4%EB%AA%A8-g2-%EC%95%84%EC%9D%B4%EB%8B%A4/46/category/43/display/1/
탄자니아 노스 AA 킬리만자로,10000원,탄자니아,Rehm Coffee,http://www.rehmcoffee.co.kr/product/tanzanianorth-aa-kilimanjaro-%ED%83%84%EC%9E%90%EB%8B%88%EC%95%84-%EB%85%B8%EC%8A%A4-aa-%ED%82%AC%EB%A6%AC%EB%A7%8C%EC%9E%90%EB%A1%9C/55/category/43/display/1/
에티오피아 시다모 G4 라타 내추럴,8200원,에티오피아,Rehm Coffee,http://www.rehmcoffee.co.kr/product/ethiopia-sidamo-g4-lata-%EC%97%90%ED%8B%B0%EC%98%A4%ED%94%BC%EC%95%84-%EC%8B%9C%EB%8B%A4%EB%AA%A8-g4-%EB%9D%BC%ED%83%80-%EB%82%B4%EC%B6%94%EB%9F%B4/47/category/43/display/1/
르완다 버본 타바 이스테이트,10700원,르완다,Rehm Coffee,http://www.rehmcoffee.co.kr/product/rwanda-bourbon-taba-estate-%EB%A5%B4%EC%99%84%EB%8B%A4-%EB%B2%84%EB%B3%B8-%ED%83%80%EB%B0%94-%EC%9D%B4%EC%8A%A4%ED%85%8C%EC%9D%B4%ED%8A%B8/88/category/43/display/1/
케냐 AA TOP 라가티,18500원,케냐,Rehm Coffee,http://www.rehmcoffee.co.kr/product/kenya-aa-top-ragati-%EC%BC%80%EB%83%90-aa-top-%EB%9D%BC%EA%B0%80%ED%8B%B0/93/category/43/display/1/
에티오피아 하라 G4 롱베리,14000원,에티오피아,Rehm Coffee,http://www.rehmcoffee.co.kr/product/ethiopia-harrar-g4-longberry-%EC%97%90%ED%8B%B0%EC%98%A4%ED%94%BC%EC%95%84-%ED%95%98%EB%9D%BC-g4-%EB%A1%B1%EB%B2%A0%EB%A6%AC/44/category/43/display/1/
케냐 피베리 케리초,13500원,케냐,Rehm Coffee,http://www.rehmcoffee.co.kr/product/kenya-peaberry-kericho-%EC%BC%80%EB%83%90-%ED%94%BC%EB%B2%A0%EB%A6%AC-%EC%BC%80%EB%A6%AC%EC%B4%88/74/category/43/display/1/
케냐 AA TOP 테구 Micro-Lot,23700원,케냐,Rehm Coffee,http://www.rehmcoffee.co.kr/product/kenya-aa-top-tegu-micro-lot-%EC%BC%80%EB%83%90-aa-top-%ED%85%8C%EA%B5%AC-micro-lot/492/category/43/display/1/
구지 아르솔사라 워시드 G1 스페셜티,16300원,구지,Rehm Coffee,http://www.rehmcoffee.co.kr/product/ethiopiaguji-arsosala-washed-g1-specialty-%EA%B5%AC%EC%A7%80-%EC%95%84%EB%A5%B4%EC%86%94%EC%82%AC%EB%9D%BC-%EC%9B%8C%EC%8B%9C%EB%93%9C-g1-%EC%8A%A4%ED%8E%98%EC%85%9C%ED%8B%B0/351/category/43/display/1/
케냐 AA 키암부 가테마요,15000원,케냐,Rehm Coffee,http://www.rehmcoffee.co.kr/product/kenya-aa-kiambu-gatamaiyo-%EC%BC%80%EB%83%90-aa-%ED%82%A4%EC%95%94%EB%B6%80-%EA%B0%80%ED%85%8C%EB%A7%88%EC%9A%94/295/category/43/display/1/
브룬디 AA 스페셜티 야기카와,15400원,브룬디,Rehm Coffee,http://www.rehmcoffee.co.kr/product/burundi-aa-specialty-yagikawa-%EB%B8%8C%EB%A3%AC%EB%94%94-aa-%EC%8A%A4%ED%8E%98%EC%85%9C%ED%8B%B0-%EC%95%BC%EA%B8%B0%EC%B9%B4%EC%99%80/134/category/43/display/1/
에티오피아 예가체프 G2 프리미엄 토레아,12000원,에티오피아,Rehm Coffee,http://www.rehmcoffee.co.kr/product/ethiopia-yirgacheffe-g2-premium-torea-%EC%97%90%ED%8B%B0%EC%98%A4%ED%94%BC%EC%95%84-%EC%98%88%EA%B0%80%EC%B2%B4%ED%94%84-g2-%ED%94%84%EB%A6%AC%EB%AF%B8%EC%97%84-%ED%86%A0%EB%A0%88%EC%95%84/95/category/43/display/1/
에티오피아 예가체프 G1 아리차 워시드,15700원,에티오피아,Rehm Coffee,http://www.rehmcoffee.co.kr/product/ethiopia-yirgacheffe-g1-aricha-washed-%EC%97%90%ED%8B%B0%EC%98%A4%ED%94%BC%EC%95%84-%EC%98%88%EA%B0%80%EC%B2%B4%ED%94%84-g1-%EC%95%84%EB%A6%AC%EC%B0%A8-%EC%9B%8C%EC%8B%9C%EB%93%9C/49/category/43/display/1/
콜롬비아 카우카 수프리모 푸라세 18up,10700원,콜롬비아,Rehm Coffee,http://www.rehmcoffee.co.kr/product/colombia-cauca-supremo-purace-18up-%EC%BD%9C%EB%A1%AC%EB%B9%84%EC%95%84-%EC%B9%B4%EC%9A%B0%EC%B9%B4-%EC%88%98%ED%94%84%EB%A6%AC%EB%AA%A8-%ED%91%B8%EB%9D%BC%EC%84%B8-18up/26/category/44/display/1/
브라질 옐로우버본 파젠다 판타노 NY2 BSCA,9700원,브라질,Rehm Coffee,http://www.rehmcoffee.co.kr/product/brazil-yellow-bourbon-fazenda-pantano-ny2-bsca-%EB%B8%8C%EB%9D%BC%EC%A7%88-%EC%98%90%EB%A1%9C%EC%9A%B0%EB%B2%84%EB%B3%B8-%ED%8C%8C%EC%A0%A0%EB%8B%A4-%ED%8C%90%ED%83%80%EB%85%B8-ny2-b/106/category/44/display/1/
콜롬비아 토리마 수프리모 레이나17/18,10400원,콜롬비아,Rehm Coffee,http://www.rehmcoffee.co.kr/product/colombia-tolima-supremo-reina-1718-%EC%BD%9C%EB%A1%AC%EB%B9%84%EC%95%84-%ED%86%A0%EB%A6%AC%EB%A7%88-%EC%88%98%ED%94%84%EB%A6%AC%EB%AA%A8-%EB%A0%88%EC%9D%B4%EB%82%981718/32/category/44/display/1/
브라질 프리미엄 세하도 NY2 17/18 FC,8300원,브라질,Rehm Coffee,http://www.rehmcoffee.co.kr/product/brazil-premium-cerrado-ny2-1718-fc-%EB%B8%8C%EB%9D%BC%EC%A7%88-%ED%94%84%EB%A6%AC%EB%AF%B8%EC%97%84-%EC%84%B8%ED%95%98%EB%8F%84-ny2-1718-fc/24/category/44/display/1/
자메이카 블루 마운틴 No1,130000원,자메이카,Rehm Coffee,http://www.rehmcoffee.co.kr/product/jamaica-blue-mountain-no1%EC%9E%90%EB%A9%94%EC%9D%B4%EC%B9%B4-%EB%B8%94%EB%A3%A8-%EB%A7%88%EC%9A%B4%ED%8B%B4-no1/68/category/44/display/1/
콜롬비아 후일라 수프리모,10300원,콜롬비아,Rehm Coffee,http://www.rehmcoffee.co.kr/product/colombia-huila-supremo-ep-%EC%BD%9C%EB%A1%AC%EB%B9%84%EC%95%84-%ED%9B%84%EC%9D%BC%EB%9D%BC-%EC%88%98%ED%94%84%EB%A6%AC%EB%AA%A8/27/category/44/display/1/
페루 SHB Micro Lot 핀카 로젠하임,11700원,페루,Rehm Coffee,http://www.rehmcoffee.co.kr/product/peru-shb-micro-lot-finca-rosenheim-%ED%8E%98%EB%A3%A8-shb-micro-lot-%ED%95%80%EC%B9%B4-%EB%A1%9C%EC%A0%A0%ED%95%98%EC%9E%84/36/category/44/display/1/
브라질 모지아나 NY2 아라라 아줄 17/18,9100원,브라질,Rehm Coffee,http://www.rehmcoffee.co.kr/product/brazil-mogiana-ny2-arara-azul-1718-fc-%EB%B8%8C%EB%9D%BC%EC%A7%88-%EB%AA%A8%EC%A7%80%EC%95%84%EB%82%98-ny2-%EC%95%84%EB%9D%BC%EB%9D%BC-%EC%95%84%EC%A4%84-1718/23/category/44/display/1/
브라질 산토스NY2 유로 둘체17/18 FC,8000원,브라질,Rehm Coffee,http://www.rehmcoffee.co.kr/product/brazil-santos-ny2-euro-dulce1718-fc-%EB%B8%8C%EB%9D%BC%EC%A7%88-%EC%82%B0%ED%86%A0%EC%8A%A4ny2-%EC%9C%A0%EB%A1%9C-%EB%91%98%EC%B2%B41718-fc/25/category/44/display/1/
콜롬비아 포파얀 클라쎄 수프리모,11300원,콜롬비아,Rehm Coffee,http://www.rehmcoffee.co.kr/product/colombiapopayan-klasse-supremo-%EC%BD%9C%EB%A1%AC%EB%B9%84%EC%95%84-%ED%8F%AC%ED%8C%8C%EC%96%80-%ED%81%B4%EB%9D%BC%EC%8E%84-%EC%88%98%ED%94%84%EB%A6%AC%EB%AA%A8/957/category/44/display/1/
콜롬비아 메델린 수프리모 +83 라스 몬타나,10200원,콜롬비아,Rehm Coffee,http://www.rehmcoffee.co.kr/product/colombia-medellin-supremo-83-las-montana-%EC%BD%9C%EB%A1%AC%EB%B9%84%EC%95%84-%EB%A9%94%EB%8D%B8%EB%A6%B0-%EC%88%98%ED%94%84%EB%A6%AC%EB%AA%A8-83-%EB%9D%BC%EC%8A%A4-%EB%AA%AC%ED%83%80%EB%82%98/294/category/44/display/1/
콜롬비아 나리뇨 수프리모 라 유니온,11200원,콜롬비아,Rehm Coffee,http://www.rehmcoffee.co.kr/product/colombia-narino-supremo-la-union-%EC%BD%9C%EB%A1%AC%EB%B9%84%EC%95%84-%EB%82%98%EB%A6%AC%EB%87%A8-%EC%88%98%ED%94%84%EB%A6%AC%EB%AA%A8-%EB%9D%BC-%EC%9C%A0%EB%8B%88%EC%98%A8/117/category/44/display/1/
콜롬비아 메델린 수프리모 17/18,10200원,콜롬비아,Rehm Coffee,http://www.rehmcoffee.co.kr/product/colombia-medellin-supremo-1718-%EC%BD%9C%EB%A1%AC%EB%B9%84%EC%95%84-%EB%A9%94%EB%8D%B8%EB%A6%B0-%EC%88%98%ED%94%84%EB%A6%AC%EB%AA%A8-1718/30/category/44/display/1/
콜롬비아 메델린 엑셀소,9200원,콜롬비아,Rehm Coffee,http://www.rehmcoffee.co.kr/product/colombia-medellin-ecxelso-%EC%BD%9C%EB%A1%AC%EB%B9%84%EC%95%84-%EB%A9%94%EB%8D%B8%EB%A6%B0-%EC%97%91%EC%85%80%EC%86%8C/28/category/44/display/1/
브라질 알페나스 둘체 NY2 17/18 FC,8200원,브라질,Rehm Coffee,http://www.rehmcoffee.co.kr/product/brazil-alfenas-dulce-ny2-1718-fc-%EB%B8%8C%EB%9D%BC%EC%A7%88-%EC%95%8C%ED%8E%98%EB%82%98%EC%8A%A4-%EB%91%98%EC%B2%B4-ny2-1718-fc/22/category/44/display/1/
콜롬비아 메델린 수프리모 펠리체,8900원,콜롬비아,Rehm Coffee,http://www.rehmcoffee.co.kr/product/colombia-medellin-supremo-felice-%EC%BD%9C%EB%A1%AC%EB%B9%84%EC%95%84-%EB%A9%94%EB%8D%B8%EB%A6%B0-%EC%88%98%ED%94%84%EB%A6%AC%EB%AA%A8-%ED%8E%A0%EB%A6%AC%EC%B2%B4/29/category/44/display/1/
과테말라 제뉴인 안티구아 파스토랄,11800원,과테말라,Rehm Coffee,http://www.rehmcoffee.co.kr/product/guatemala-shb-genuine-antigua-pastoral-%EA%B3%BC%ED%85%8C%EB%A7%90%EB%9D%BC-%EC%A0%9C%EB%89%B4%EC%9D%B8-%EC%95%88%ED%8B%B0%EA%B5%AC%EC%95%84-%ED%8C%8C%EC%8A%A4%ED%86%A0%EB%9E%84/82/category/45/display/1/
과테말라 SHB EP,9900원,과테말라,Rehm Coffee,http://www.rehmcoffee.co.kr/product/guatemala-shb-ep-%EA%B3%BC%ED%85%8C%EB%A7%90%EB%9D%BC-shb-ep/92/category/45/display/1/
코스타리카 SHB 팬시 따라주 라파스토라 프리메라,11400원,코스타리카,Rehm Coffee,http://www.rehmcoffee.co.kr/product/costa-rica-shb-fancy-tarrazu-la-pastora-primera-%EC%BD%94%EC%8A%A4%ED%83%80%EB%A6%AC%EC%B9%B4-shb-%ED%8C%AC%EC%8B%9C-%EB%94%B0%EB%9D%BC%EC%A3%BC-%EB%9D%BC%ED%8C%8C%EC%8A%A4%ED%86%A0%EB%9D%BC/35/category/45/display/1/
엘살바도르 SHG EP 아페네카 랴마테펙,9900원,엘살바도르,Rehm Coffee,http://www.rehmcoffee.co.kr/product/el-salvador-shg-ep-apaneca-ilamatepec-%EC%97%98%EC%82%B4%EB%B0%94%EB%8F%84%EB%A5%B4-shg-ep-%EC%95%84%ED%8E%98%EB%84%A4%EC%B9%B4-%EB%9E%B4%EB%A7%88%ED%85%8C%ED%8E%99/84/category/45/display/1/
멕시코 알투라 치아파스 소코누스코,9700원,멕시코,Rehm Coffee,http://www.rehmcoffee.co.kr/product/mexico-altura-chiapas-soconusco%EB%A9%95%EC%8B%9C%EC%BD%94-%EC%95%8C%ED%88%AC%EB%9D%BC-%EC%B9%98%EC%95%84%ED%8C%8C%EC%8A%A4-%EC%86%8C%EC%BD%94%EB%88%84%EC%8A%A4%EC%BD%94/90/category/45/display/1/
코스타리카 SHB 따라주 라스 트로하스 슈페리어,10700원,코스타리카,Rehm Coffee,http://www.rehmcoffee.co.kr/product/costa-rica-shb-ep-tarrazu-las-trojas-superior-%EC%BD%94%EC%8A%A4%ED%83%80%EB%A6%AC%EC%B9%B4-shb-%EB%94%B0%EB%9D%BC%EC%A3%BC-%EB%9D%BC%EC%8A%A4-%ED%8A%B8%EB%A1%9C%ED%95%98%EC%8A%A4-%EC%8A%88%ED%8E%98/91/category/45/display/1/
코스타리카 SHB 웨스트밸리 산타라우라,10400원,코스타리카,Rehm Coffee,http://www.rehmcoffee.co.kr/product/costa-rica-shb-ep-west-vally-santa-laura-%EC%BD%94%EC%8A%A4%ED%83%80%EB%A6%AC%EC%B9%B4-shb-%EC%9B%A8%EC%8A%A4%ED%8A%B8%EB%B0%B8%EB%A6%AC-%EC%82%B0%ED%83%80%EB%9D%BC%EC%9A%B0%EB%9D%BC/34/category/45/display/1/
과테말라 우에우에테낭고 SHB 라 델리시아,10300원,과테말라,Rehm Coffee,http://www.rehmcoffee.co.kr/product/guatemala-huehuetenango-shb-la-delicia-%EA%B3%BC%ED%85%8C%EB%A7%90%EB%9D%BC-%EC%9A%B0%EC%97%90%EC%9A%B0%EC%97%90%ED%85%8C%EB%82%AD%EA%B3%A0-shb-%EB%9D%BC-%EB%8D%B8%EB%A6%AC%EC%8B%9C%EC%95%84/40/category/45/display/1/
파나마 셀렉션 파카마라 내추럴 돈 훌리앙,76000원,파나마,Rehm Coffee,http://www.rehmcoffee.co.kr/product/panamaselection-pacamara-natural-don-julian-%ED%8C%8C%EB%82%98%EB%A7%88-%EC%85%80%EB%A0%89%EC%85%98-%ED%8C%8C%EC%B9%B4%EB%A7%88%EB%9D%BC-%EB%82%B4%EC%B6%94%EB%9F%B4-%EB%8F%88-%ED%9B%8C%EB%A6%AC%EC%95%99/1189/category/45/display/1/
과테말라 SHB 아카테낭고 Top Lot,13500원,과테말라,Rehm Coffee,http://www.rehmcoffee.co.kr/product/guatemala-shb-acatenango-top-lot-%EA%B3%BC%ED%85%8C%EB%A7%90%EB%9D%BC-shb-%EC%95%84%EC%B9%B4%ED%85%8C%EB%82%AD%EA%B3%A0-top-lot/702/category/45/display/1/
코스타리카 따라주 허니 마카우,15800원,코스타리카,Rehm Coffee,http://www.rehmcoffee.co.kr/product/costa-rica-shb-tarrazu-macaw-honey-%EC%BD%94%EC%8A%A4%ED%83%80%EB%A6%AC%EC%B9%B4-%EB%94%B0%EB%9D%BC%EC%A3%BC-%ED%97%88%EB%8B%88-%EB%A7%88%EC%B9%B4%EC%9A%B0/318/category/45/display/1/
니카라과 핀카 산 라몬,9400원,니카라과,Rehm Coffee,http://www.rehmcoffee.co.kr/product/nicaragua-finca-san-ramon-%EB%8B%88%EC%B9%B4%EB%9D%BC%EA%B3%BC-%ED%95%80%EC%B9%B4-%EC%82%B0-%EB%9D%BC%EB%AA%AC/162/category/45/display/1/
과테말라 Micro-lot 핀카 라 프로비덴시아,15000원,과테말라,Rehm Coffee,http://www.rehmcoffee.co.kr/product/guatemala-micro-lot-finca-la-providencia-%EA%B3%BC%ED%85%8C%EB%A7%90%EB%9D%BC-micro-lot-%ED%95%80%EC%B9%B4-%EB%9D%BC-%ED%94%84%EB%A1%9C%EB%B9%84%EB%8D%B4%EC%8B%9C%EC%95%84/156/category/45/display/1/
과테말라 Micro-Lot 핀카 산타 알리시아,14000원,과테말라,Rehm Coffee,http://www.rehmcoffee.co.kr/product/guatemala-micro-lot-finca-santa-alicia-%EA%B3%BC%ED%85%8C%EB%A7%90%EB%9D%BC-micro-lot-%ED%95%80%EC%B9%B4-%EC%82%B0%ED%83%80-%EC%95%8C%EB%A6%AC%EC%8B%9C%EC%95%84/111/category/45/display/1/
과테말라 Micro-Lot 엘 펜사티보,14500원,과테말라,Rehm Coffee,http://www.rehmcoffee.co.kr/product/guatemala-micro-lot-el-pensativo-%EA%B3%BC%ED%85%8C%EB%A7%90%EB%9D%BC-micro-lot-%EC%97%98-%ED%8E%9C%EC%82%AC%ED%8B%B0%EB%B3%B4/110/category/45/display/1/
과테말라 SHB 프리미엄 레이크 아티틀란,11200원,과테말라,Rehm Coffee,http://www.rehmcoffee.co.kr/product/guatemala-shb-premium-lake-atitlan-%EA%B3%BC%ED%85%8C%EB%A7%90%EB%9D%BC-shb-%ED%94%84%EB%A6%AC%EB%AF%B8%EC%97%84-%EB%A0%88%EC%9D%B4%ED%81%AC-%EC%95%84%ED%8B%B0%ED%8B%80%EB%9E%80/109/category/45/display/1/
파나마 보케테 SHB EP 카사 루이즈,24700원,파나마,Rehm Coffee,http://www.rehmcoffee.co.kr/product/panamaboquete-shb-ep-casa-ruiz-%ED%8C%8C%EB%82%98%EB%A7%88-%EB%B3%B4%EC%BC%80%ED%85%8C-shb-ep-%EC%B9%B4%EC%82%AC-%EB%A3%A8%EC%9D%B4%EC%A6%88/85/category/45/display/1/
온두라스 SHG 마르칼라 산타 바바라,9000원,온두라스,Rehm Coffee,http://www.rehmcoffee.co.kr/product/honduras-shg-marcala-santa-barbara-%EC%98%A8%EB%91%90%EB%9D%BC%EC%8A%A4-shg-%EB%A7%88%EB%A5%B4%EC%B9%BC%EB%9D%BC-%EC%82%B0%ED%83%80-%EB%B0%94%EB%B0%94%EB%9D%BC/41/category/45/display/1/
쿠바 엑스트라투르키노 라 시에라 마에스트라,18000원,쿠바,Rehm Coffee,http://www.rehmcoffee.co.kr/product/cuba-extraturquino-la-sierra-maestra-%EC%BF%A0%EB%B0%94-%EC%97%91%EC%8A%A4%ED%8A%B8%EB%9D%BC%ED%88%AC%EB%A5%B4%ED%82%A4%EB%85%B8-%EB%9D%BC-%EC%8B%9C%EC%97%90%EB%9D%BC-%EB%A7%88%EC%97%90%EC%8A%A4%ED%8A%B8%EB%9D%BC/87/category/45/display/1/
과테말라 SHB 산 마틴 테오갈 Top Lot,13200원,과테말라,Rehm Coffee,http://www.rehmcoffee.co.kr/product/guatemala-shb-san-martin-teogal-top-lot-%EA%B3%BC%ED%85%8C%EB%A7%90%EB%9D%BC-shb-%EC%82%B0-%EB%A7%88%ED%8B%B4-%ED%85%8C%EC%98%A4%EA%B0%88-top-lot/703/category/45/display/1/
인도네시아 블루 만델링 G1,11900원,인도네시아,Rehm Coffee,http://www.rehmcoffee.co.kr/product/indonesia-blue-mandheling-g1-%EC%9D%B8%EB%8F%84%EB%84%A4%EC%8B%9C%EC%95%84-%EB%B8%94%EB%A3%A8-%EB%A7%8C%EB%8D%B8%EB%A7%81-g1/58/category/46/display/1/
파푸아 뉴기니 시그리A,11000원,파푸아,Rehm Coffee,http://www.rehmcoffee.co.kr/product/papua-new-guinea-sigri-a-%ED%8C%8C%ED%91%B8%EC%95%84-%EB%89%B4%EA%B8%B0%EB%8B%88-%EC%8B%9C%EA%B7%B8%EB%A6%ACa/62/category/46/display/1/
인도 몬순 AA 말라바르,9000원,인도,Rehm Coffee,http://www.rehmcoffee.co.kr/product/india-monsoon-aa-malabar-%EC%9D%B8%EB%8F%84-%EB%AA%AC%EC%88%9C-aa-%EB%A7%90%EB%9D%BC%EB%B0%94%EB%A5%B4/56/category/46/display/1/
인도 아라비카 스페셜티 마이소로 너겟,10200원,인도,Rehm Coffee,http://www.rehmcoffee.co.kr/product/india-specialty-mysore-nugget-extra-bold-%EC%9D%B8%EB%8F%84-%EC%95%84%EB%9D%BC%EB%B9%84%EC%B9%B4-%EC%8A%A4%ED%8E%98%EC%85%9C%ED%8B%B0-%EB%A7%88%EC%9D%B4%EC%86%8C%EB%A1%9C-%EB%84%88%EA%B2%9F/120/category/46/display/1/
인도네시아 플로레스 코모도 드래곤,13700원,인도네시아,Rehm Coffee,http://www.rehmcoffee.co.kr/product/indonesia-flores-g1-komodo-dragon-%EC%9D%B8%EB%8F%84%EB%84%A4%EC%8B%9C%EC%95%84-%ED%94%8C%EB%A1%9C%EB%A0%88%EC%8A%A4-%EC%BD%94%EB%AA%A8%EB%8F%84-%EB%93%9C%EB%9E%98%EA%B3%A4/79/category/46/display/1/
예멘 모카 마타리 알 함다니,35000원,예멘,Rehm Coffee,http://www.rehmcoffee.co.kr/product/yemen-mocha-mattari-al-hamdani-%EC%98%88%EB%A9%98-%EB%AA%A8%EC%B9%B4-%EB%A7%88%ED%83%80%EB%A6%AC-%EC%95%8C-%ED%95%A8%EB%8B%A4%EB%8B%88/69/category/46/display/1/
베트남 로부스타 블루 드래곤18up,6800원,베트남,Rehm Coffee,http://www.rehmcoffee.co.kr/product/vietnam-robusta-blue-dragon-18up-%EB%B2%A0%ED%8A%B8%EB%82%A8-%EB%A1%9C%EB%B6%80%EC%8A%A4%ED%83%80-%EB%B8%94%EB%A3%A8-%EB%93%9C%EB%9E%98%EA%B3%A418up/63/category/46/display/1/
인도네시아 발리 블루문 G1,13500원,인도네시아,Rehm Coffee,http://www.rehmcoffee.co.kr/product/indonesia-bali-g1-blue-moon-%EC%9D%B8%EB%8F%84%EB%84%A4%EC%8B%9C%EC%95%84-%EB%B0%9C%EB%A6%AC-%EB%B8%94%EB%A3%A8%EB%AC%B8-g1/59/category/46/display/1/
인도 로부스타 카피 로얄18up,8100원,인도,Rehm Coffee,http://www.rehmcoffee.co.kr/product/india-robustar-kaapi-royale18up-%EC%9D%B8%EB%8F%84-%EB%A1%9C%EB%B6%80%EC%8A%A4%ED%83%80-%EC%B9%B4%ED%94%BC-%EB%A1%9C%EC%96%8418up/57/category/46/display/1/
인도네시아 수마트라 G1 망쿨라자,13500원,인도네시아,Rehm Coffee,http://www.rehmcoffee.co.kr/product/indonesia-sumatra-g1-mangkuraja-%EC%9D%B8%EB%8F%84%EB%84%A4%EC%8B%9C%EC%95%84-%EC%88%98%EB%A7%88%ED%8A%B8%EB%9D%BC-g1-%EB%A7%9D%EC%BF%A8%EB%9D%BC%EC%9E%90/118/category/46/display/1/
세트상품 2kg(500gx4종)★ Central America Best Item 중미 베스트 4종,30000원,세트상품,Rehm Coffee,http://www.rehmcoffee.co.kr/product/%EC%84%B8%ED%8A%B8%EC%83%81%ED%92%88-2kg500gx4%EC%A2%85-central-america-best-item-%EC%A4%91%EB%AF%B8-%EB%B2%A0%EC%8A%A4%ED%8A%B8-4%EC%A2%85/1143/category/47/display/1/
디카페인 에티오피아 내추럴,15000원,에티오피아,Rehm Coffee,http://www.rehmcoffee.co.kr/product/decaffeinated-ethiopia-natural-%EB%94%94%EC%B9%B4%ED%8E%98%EC%9D%B8-%EC%97%90%ED%8B%B0%EC%98%A4%ED%94%BC%EC%95%84-%EB%82%B4%EC%B6%94%EB%9F%B4/281/category/47/display/1/
디카페인 과테말라 SHB 커피,15100원,과테말라,Rehm Coffee,http://www.rehmcoffee.co.kr/product/decaffeinated-guatemala-shb-coffee-%EB%94%94%EC%B9%B4%ED%8E%98%EC%9D%B8-%EA%B3%BC%ED%85%8C%EB%A7%90%EB%9D%BC-shb-%EC%BB%A4%ED%94%BC/67/category/47/display/1/
디카페인 콜롬비아 커피,15000원,콜롬비아,Rehm Coffee,http://www.rehmcoffee.co.kr/product/decaffeinated-colombia-coffee-%EB%94%94%EC%B9%B4%ED%8E%98%EC%9D%B8-%EC%BD%9C%EB%A1%AC%EB%B9%84%EC%95%84-%EC%BB%A4%ED%94%BC/66/category/47/display/1/
디카페인 브라질 NY2 17/18 커피,14000원,브라질,Rehm Coffee,http://www.rehmcoffee.co.kr/product/decaffeinated-brazil-ny2-1718-coffee-%EB%94%94%EC%B9%B4%ED%8E%98%EC%9D%B8-%EB%B8%8C%EB%9D%BC%EC%A7%88-ny2-1718-%EC%BB%A4%ED%94%BC/65/category/47/display/1/
