coffee_plant,https://www.coffeeplant.co.kr/shop/goods/goods_list.php?page=1&category=025
coffee_plant,https://www.coffeeplant.co.kr/shop/goods/goods_list.php?page=1&category=018
coffee_plant,https://www.coffeeplant.co.kr/shop/goods/goods_list.php?page=2&category=018
coffee_plant,https://www.coffeeplant.co.kr/shop/goods/goods_list.php?page=3&category=018
coffee_plant,https://www.coffeeplant.co.kr/shop/goods/goods_list.php?page=4&category=018
coffee_plant,https://www.coffeeplant.co.kr/shop/goods/goods_list.php?page=5&category=018
coffee_plant,https://www.coffeeplant.co.kr/shop/goods/goods_list.php?page=6&category=018
coffee_plant,https://www.coffeeplant.co.kr/shop/goods/goods_list.php?page=7&category=018
coffee_plant,https://www.coffeeplant.co.kr/shop/goods/goods_list.php?page=1&category=019
coffee_plant,https://www.coffeeplant.co.kr/shop/goods/goods_list.php?page=2&category=019
coffee_plant,https://www.coffeeplant.co.kr/shop/goods/goods_list.php?page=1&category=020
coffee_plant,https://www.coffeeplant.co.kr/shop/goods/goods_list.php?page=2&category=020
coffee_plant,https://www.coffeeplant.co.kr/shop/goods/goods_list.php?page=3&category=020
coffee_plant,https://www.coffeeplant.co.kr/shop/goods/goods_list.php?page=4&category=020
coffee_plant,https://www.coffeeplant.co.kr/shop/goods/goods_list.php?page=5&category=020
coffee_plant,https://www.coffeeplant.co.kr/shop/goods/goods_list.php?page=6&category=020
coffee_plant,https://www.coffeeplant.co.kr/shop/goods/goods_list.php?page=7&category=020
coffee_plant,https://www.coffeeplant.co.kr/shop/goods/goods_list.php?page=1&category=021
coffee_plant,https://www.coffeeplant.co.kr/shop/goods/goods_list.php?page=2&category=021
