royalcoffeekorea,https://royalcoffeekorea.co.kr/sub/greenbean2.htm?
royalcoffee,https://royalcoffeekorea.co.kr/sub/greenbean2.htm?page=2
royalcoffee,https://royalcoffeekorea.co.kr/sub/greenbean2.htm?page=3
royalcoffee,https://royalcoffeekorea.co.kr/sub/greenbean2.htm?page=4
royalcoffee,https://royalcoffeekorea.co.kr/sub/greenbean2.htm?page=5
royalcoffee,https://royalcoffeekorea.co.kr/sub/greenbean2.htm?page=6
royalcoffee,https://royalcoffeekorea.co.kr/sub/greenbean2.htm?page=7
royalcoffee,https://royalcoffeekorea.co.kr/sub/greenbean2.htm?page=8
royalcoffee,https://royalcoffeekorea.co.kr/sub/greenbean2.htm?page=9
royalcoffee,https://royalcoffeekorea.co.kr/sub/greenbean2.htm?page=10
royalcoffee,https://royalcoffeekorea.co.kr/sub/greenbean2.htm?page=11
royalcoffee,https://royalcoffeekorea.co.kr/sub/greenbean2.htm?page=12
royalcoffee,https://royalcoffeekorea.co.kr/sub/greenbean2.htm?page=13
royalcoffee,https://royalcoffeekorea.co.kr/sub/greenbean2.htm?page=14
royalcoffee,https://royalcoffeekorea.co.kr/sub/greenbean2.htm?page=15
royalcoffee,https://royalcoffeekorea.co.kr/sub/greenbean2.htm?page=16
royalcoffee,https://royalcoffeekorea.co.kr/sub/greenbean2.htm?page=17
royalcoffee,https://royalcoffeekorea.co.kr/sub/greenbean2.htm?page=18
royalcoffee,https://royalcoffeekorea.co.kr/sub/greenbean2.htm?page=19
