ALMACIELO,https://www.almacielo.com/shop/big_section.php?page=2&cno1=1070
ALMACIELO,https://www.almacielo.com/shop/big_section.php?page=3&cno1=1070
ALMACIELO,https://www.almacielo.com/shop/big_section.php?page=4&cno1=1070
ALMACIELO,https://www.almacielo.com/shop/big_section.php?page=5&cno1=1070
ALMACIELO,https://www.almacielo.com/shop/big_section.php?page=6&cno1=1070
ALMACIELO,https://www.almacielo.com/shop/big_section.php?page=7&cno1=1070
ALMACIELO,https://www.almacielo.com/shop/big_section.php?page=8&cno1=1070
ALMACIELO,https://www.almacielo.com/shop/big_section.php?page=9&cno1=1070
ALMACIELO,https://www.almacielo.com/shop/big_section.php?page=10&cno1=1070
ALMACIELO,https://www.almacielo.com/shop/big_section.php?page=11&cno1=1070
ALMACIELO,https://www.almacielo.com/shop/big_section.php?page=12&cno1=1070
ALMACIELO,https://www.almacielo.com/shop/big_section.php?page=13&cno1=1070
ALMACIELO,https://www.almacielo.com/shop/big_section.php?page=14&cno1=1070
ALMACIELO,https://www.almacielo.com/shop/big_section.php?page=15&cno1=1070
almacielo,https://www.almacielo.com/shop/big_section.php?cno1=1070
