gsc,https://www.gsc.coffee/goods/goods_list.php?page=2&cateCd=001
gsc,https://www.gsc.coffee/goods/goods_list.php?page=3&cateCd=001
gsc,https://www.gsc.coffee/goods/goods_list.php?page=4&cateCd=001
gsc,https://www.gsc.coffee/goods/goods_list.php?page=5&cateCd=001
gsc,https://www.gsc.coffee/goods/goods_list.php?page=2&cateCd=002
gsc,https://www.gsc.coffee/goods/goods_list.php?page=3&cateCd=002
gsc,https://www.gsc.coffee/goods/goods_list.php?page=2&cateCd=010
gsc,https://www.gsc.coffee/goods/goods_list.php?cateCd=001
gsc,https://www.gsc.coffee/goods/goods_list.php?cateCd=002
gsc,https://www.gsc.coffee/goods/goods_list.php?cateCd=010
