royalcoffee,https://royalcoffeekorea.co.kr/sub/greenbean2.htm?catcode=103700
royalcoffee,https://royalcoffeekorea.co.kr/sub/greenbean2.htm?catcode=101000
royalcoffee,https://royalcoffeekorea.co.kr/sub/greenbean2.htm?catcode=101100
royalcoffee,https://royalcoffeekorea.co.kr/sub/greenbean2.htm?catcode=101200
royalcoffee,https://royalcoffeekorea.co.kr/sub/greenbean2.htm?catcode=101300
royalcoffee,https://royalcoffeekorea.co.kr/sub/greenbean2.htm?catcode=101400
royalcoffee,https://royalcoffeekorea.co.kr/sub/greenbean2.htm?catcode=101500
royalcoffee,https://royalcoffeekorea.co.kr/sub/greenbean2.htm?catcode=101600
royalcoffee,https://royalcoffeekorea.co.kr/sub/greenbean2.htm?catcode=101700
royalcoffee,https://royalcoffeekorea.co.kr/sub/greenbean2.htm?catcode=101800
royalcoffee,https://royalcoffeekorea.co.kr/sub/greenbean2.htm?catcode=101900
royalcoffee,https://royalcoffeekorea.co.kr/sub/greenbean2.htm?catcode=102200
royalcoffee,https://royalcoffeekorea.co.kr/sub/greenbean2.htm?catcode=102100
royalcoffee,https://royalcoffeekorea.co.kr/sub/greenbean2.htm?catcode=102300
royalcoffee,https://royalcoffeekorea.co.kr/sub/greenbean2.htm?catcode=102400
royalcoffee,https://royalcoffeekorea.co.kr/sub/greenbean2.htm?catcode=102500
royalcoffee,https://royalcoffeekorea.co.kr/sub/greenbean2.htm?catcode=102800
royalcoffee,https://royalcoffeekorea.co.kr/sub/greenbean2.htm?catcode=102900
royalcoffee,https://royalcoffeekorea.co.kr/sub/greenbean2.htm?catcode=103000
royalcoffee,https://royalcoffeekorea.co.kr/sub/greenbean2.htm?catcode=103100
royalcoffee,https://royalcoffeekorea.co.kr/sub/greenbean2.htm?catcode=103200
royalcoffee,https://royalcoffeekorea.co.kr/sub/greenbean2.htm?catcode=103800
royalcoffee,https://royalcoffeekorea.co.kr/sub/greenbean2.htm?catcode=103500
